transaction_date,volume,,,
6/23/13,26.02,,,
6/24/13,669.09,,,
6/25/13,865.4,,,
6/26/13,917.03,,,
6/27/13,877.58,,,
6/28/13,640.4,,,
6/29/13,411.49,,,
6/30/13,257.73,,,
7/1/13,580.95,,,
7/2/13,975.91,,,
7/3/13,945.17,,,
7/4/13,687.96,,,
7/5/13,905.17,,,
7/6/13,287.59,,,
7/7/13,229.02,,,
7/8/13,540.73,,,
7/9/13,578.43,,,
7/10/13,869.82,,,
7/11/13,855.73,,,
7/12/13,605.94,,,
7/13/13,683.16,,,
7/14/13,2081.87,,,
7/15/13,6941.88,,,
7/16/13,8315.99,,,
7/17/13,8042.02,,,
7/18/13,8458.82,,,
7/19/13,7386.68,,,
7/20/13,3287.28,,,
7/21/13,1871.1,,,
7/22/13,8288.96,,,
7/23/13,8282.57,,,
7/24/13,8010.27,,,
7/25/13,7917.71,,,
7/26/13,6895.76,,,
7/27/13,2619.92,,,
7/28/13,1629.81,,,
7/29/13,7719.25,,,
7/30/13,8464.28,,,
7/31/13,8523.67,,,
8/1/13,7403.4,,,
8/2/13,6704.73,,,
8/3/13,2693.64,,,
8/4/13,1701.86,,,
8/5/13,6853.96,,,
8/6/13,7190.22,,,
8/7/13,7899.3,,,
8/8/13,7600.14,,,
8/9/13,6701.84,,,
8/10/13,2453.15,,,
8/11/13,1752.41,,,
8/12/13,8240.94,,,
8/13/13,6953.96,,,
8/14/13,7789.52,,,
8/15/13,8075.48,,,
8/16/13,5740.05,,,
8/17/13,2788.9,,,
8/18/13,2598.98,,,
8/19/13,7605.58,,,
8/20/13,7575.68,,,
8/21/13,8133.2,,,
8/22/13,7062.31,,,
8/23/13,6620.38,,,
8/24/13,2599.38,,,
8/25/13,1703.02,,,
8/26/13,3241.85,,,
8/27/13,7585.71,,,
8/28/13,7274.46,,,
8/29/13,6786.27,,,
8/30/13,6560.82,,,
8/31/13,2750.06,,,
9/1/13,2147.99,,,
9/2/13,8377.11,,,
9/3/13,8239,,,
9/4/13,7891.72,,,
9/5/13,8557.6,,,
9/6/13,7287.06,,,
9/7/13,2646.97,,,
9/8/13,1664.29,,,
9/9/13,8422.5,,,
9/10/13,7548.79,,,
9/11/13,8468.79,,,
9/12/13,7843.4,,,
9/13/13,6997.84,,,
9/14/13,2417.69,,,
9/15/13,2055.56,,,
9/16/13,7453.07,,,
9/17/13,8015.75,,,
9/18/13,8319.95,,,
9/19/13,8081.97,,,
9/20/13,7615.37,,,
9/21/13,3262.73,,,
9/22/13,2072.02,,,
9/23/13,7552.21,,,
9/24/13,6829.65,,,
9/25/13,7768.65,,,
9/26/13,7670.03,,,
9/27/13,7556.46,,,
9/28/13,2118.48,,,
9/29/13,2176.42,,,
9/30/13,8556.96,,,
10/1/13,8112.23,,,
10/2/13,7991.43,,,
10/3/13,8429.4,,,
10/4/13,8062.97,,,
10/5/13,2769.35,,,
10/6/13,2000.03,,,
10/7/13,8640.79,,,
10/8/13,8495.78,,,
10/9/13,8648.2,,,
10/10/13,9095.31,,,
10/11/13,7729.02,,,
10/12/13,3145.8,,,
10/13/13,1885.99,,,
10/14/13,8913.59,,,
10/15/13,8317.74,,,
10/16/13,8878.08,,,
10/17/13,7819.3,,,
10/18/13,7363.02,,,
10/19/13,2447.72,,,
10/20/13,2120.84,,,
10/21/13,7487.05,,,
10/22/13,7797.36,,,
10/23/13,8479.67,,,
10/24/13,7404.41,,,
10/25/13,7152.75,,,
10/26/13,3064.4,,,
10/27/13,1693.67,,,
10/28/13,7650.48,,,
10/29/13,8609.5,,,
10/30/13,9317.12,,,
10/31/13,8420.57,,,
11/1/13,7402.71,,,
11/2/13,3043.16,,,
11/3/13,1911.7,,,
11/4/13,8601.45,,,
11/5/13,9278.62,,,
11/6/13,8938.18,,,
11/7/13,9632.42,,,
11/8/13,8526.15,,,
11/9/13,2316.68,,,
11/10/13,2153,,,
11/11/13,7775.27,,,
11/12/13,8970.66,,,
11/13/13,8234.68,,,
11/14/13,8852.95,,,
11/15/13,8357.67,,,
11/16/13,2991.64,,,
11/17/13,2406.52,,,
11/18/13,7567.99,,,
11/19/13,8734.71,,,
11/20/13,8227.21,,,
11/21/13,8450.1,,,
11/22/13,7705.49,,,
11/23/13,2305.88,,,
11/24/13,2592.51,,,
11/25/13,8573.87,,,
11/26/13,8556.04,,,
11/27/13,8546.26,,,
11/28/13,8513.09,,,
11/29/13,8053.86,,,
11/30/13,3365.39,,,
12/1/13,2159.44,,,
12/2/13,9110.82,,,
12/3/13,8149.69,,,
12/4/13,8358.04,,,
12/5/13,9268.09,,,
12/6/13,8688.57,,,
12/7/13,2879.69,,,
12/8/13,2337.49,,,
12/9/13,9374.01,,,
12/10/13,9257.94,,,
12/11/13,8566.43,,,
12/12/13,8913.47,,,
12/13/13,8653.44,,,
12/14/13,2794.3,,,
12/15/13,2772.8,,,
12/16/13,8897.24,,,
12/17/13,9136.26,,,
12/18/13,9147.04,,,
12/19/13,8594.08,,,
12/20/13,8324.33,,,
12/21/13,3285.33,,,
12/22/13,2584.27,,,
12/23/13,5769.34,,,
12/24/13,3491.24,,,
12/25/13,39.29,,,
12/26/13,978.07,,,
12/27/13,3809.21,,,
12/28/13,1796.23,,,
12/29/13,1821.91,,,
12/30/13,4665.45,,,
12/31/13,3029.26,,,
1/1/14,991.96,,,
1/2/14,5811.85,,,
1/3/14,6984.45,,,
1/4/14,2335.17,,,
1/5/14,2319.1,,,
1/6/14,8912.13,,,
1/7/14,9734.09,,,
1/8/14,9438.12,,,
1/9/14,9649.94,,,
1/10/14,7732.31,,,
1/11/14,3240.81,,,
1/12/14,2637.9,,,
1/13/14,7853.44,,,
1/14/14,8792.76,,,
1/15/14,8561.08,,,
1/16/14,8732.22,,,
1/17/14,7686.89,,,
1/18/14,2398.44,,,
1/19/14,2200.71,,,
1/20/14,8727.84,,,
1/21/14,8139.61,,,
1/22/14,8573.42,,,
1/23/14,8275.9,,,
1/24/14,6711.65,,,
1/25/14,3051.13,,,
1/26/14,2174.08,,,
1/27/14,8856,,,
1/28/14,8938.78,,,
1/29/14,9147.86,,,
1/30/14,8383.8,,,
1/31/14,7825.06,,,
2/1/14,2979.43,,,
2/2/14,2368.66,,,
2/3/14,9323.16,,,
2/4/14,9031.91,,,
2/5/14,10245.93,,,
2/6/14,9571.19,,,
2/7/14,7874.43,,,
2/8/14,3285.51,,,
2/9/14,2665.09,,,
2/10/14,9711.29,,,
2/11/14,9251.25,,,
2/12/14,9656.48,,,
2/13/14,10119.08,,,
2/14/14,8218.38,,,
2/15/14,2968.15,,,
2/16/14,2849.15,,,
2/17/14,9298.86,,,
2/18/14,8759.12,,,
2/19/14,9668.38,,,
2/20/14,8944.83,,,
2/21/14,7859.37,,,
2/22/14,3028.17,,,
2/23/14,2436.21,,,
2/24/14,10237.25,,,
2/25/14,9741.88,,,
2/26/14,9810.98,,,
2/27/14,9361.57,,,
2/28/14,8844.26,,,
3/1/14,2736.15,,,
3/2/14,2414.12,,,
3/3/14,9995,,,
3/4/14,9299.52,,,
3/5/14,9514.24,,,
3/6/14,10167.13,,,
3/7/14,8617.59,,,
3/8/14,3316.11,,,
3/9/14,2857.92,,,
3/10/14,9085.81,,,
3/11/14,9175.69,,,
3/12/14,10069.64,,,
3/13/14,9777.33,,,
3/14/14,8186.44,,,
3/15/14,3267.27,,,
3/16/14,2394.01,,,
3/17/14,9409.24,,,
3/18/14,9993.25,,,
3/19/14,10172.87,,,
3/20/14,9893.26,,,
3/21/14,8484.1,,,
3/22/14,2835.52,,,
3/23/14,2477.83,,,
3/24/14,9001.42,,,
3/25/14,8839.64,,,
3/26/14,10058.85,,,
3/27/14,9321.84,,,
3/28/14,8453.76,,,
3/29/14,3274.18,,,
3/30/14,2219.38,,,
3/31/14,9307.54,,,
4/1/14,8350.7,,,
4/2/14,11013.44,,,
4/3/14,8984.63,,,
4/4/14,8404.79,,,
4/5/14,2969.18,,,
4/6/14,2613.48,,,
4/7/14,10503.39,,,
4/8/14,10414.58,,,
4/9/14,11896.95,,,
4/10/14,9878.35,,,
4/11/14,9864.57,,,
4/12/14,2806.94,,,
4/13/14,2386.69,,,
4/14/14,9528.42,,,
4/15/14,9900.09,,,
4/16/14,9344.79,,,
4/17/14,9402.82,,,
4/18/14,4664.19,,,
4/19/14,2040.71,,,
4/20/14,1474.44,,,
4/21/14,3220.68,,,
4/22/14,8888.76,,,
4/23/14,11052.42,,,
4/24/14,8469.77,,,
4/25/14,8665.01,,,
4/26/14,3541.81,,,
4/27/14,2190.19,,,
4/28/14,10189.4,,,
4/29/14,9544.41,,,
4/30/14,9636.75,,,
5/1/14,9267.54,,,
5/2/14,7842.3,,,
5/3/14,3551.42,,,
5/4/14,1732.48,,,
5/5/14,4005.6,,,
5/6/14,9767.98,,,
5/7/14,8968.25,,,
5/8/14,10652.09,,,
5/9/14,10019.28,,,
5/10/14,3912.85,,,
5/11/14,2199.12,,,
5/12/14,9378.87,,,
5/13/14,9553.26,,,
5/14/14,10144.86,,,
5/15/14,9497.69,,,
5/16/14,8599.25,,,
5/17/14,2716.5,,,
5/18/14,1920.87,,,
5/19/14,9035.78,,,
5/20/14,8154.9,,,
5/21/14,9836.47,,,
5/22/14,9202.15,,,
5/23/14,8409.39,,,
5/24/14,3356.79,,,
5/25/14,1656.51,,,
5/26/14,4103.43,,,
5/27/14,9062.85,,,
5/28/14,9755.55,,,
5/29/14,9559.31,,,
5/30/14,7120.13,,,
5/31/14,3508.26,,,
6/1/14,2435.65,,,
6/2/14,9062.68,,,
6/3/14,9516.4,,,
6/4/14,8810.96,,,
6/5/14,9187.27,,,
6/6/14,8670.33,,,
6/7/14,2665.85,,,
6/8/14,2514.21,,,
6/9/14,8460.02,,,
6/10/14,9335.46,,,
6/11/14,9600.92,,,
6/12/14,9236.91,,,
6/13/14,7145.16,,,
6/14/14,3229.01,,,
6/15/14,2427.63,,,
6/16/14,8402.46,,,
6/17/14,9847.83,,,
6/18/14,9127.02,,,
6/19/14,9183.68,,,
6/20/14,8312.2,,,
6/21/14,3678.9,,,
6/22/14,2644.9,,,
6/23/14,9073.17,,,
6/24/14,8509.9,,,
6/25/14,9538.53,,,
6/26/14,9040.24,,,
6/27/14,8684.79,,,
6/28/14,3100.44,,,
6/29/14,1979.14,,,
6/30/14,8696.09,,,
7/1/14,9434.03,,,
7/2/14,9699.98,,,
7/3/14,9670.31,,,
7/4/14,7929.11,,,
7/5/14,3564.74,,,
7/6/14,2510.82,,,
7/7/14,9073.87,,,
7/8/14,9073.96,,,
7/9/14,9905.4,,,
7/10/14,10182.89,,,
7/11/14,7063.22,,,
7/12/14,3249.86,,,
7/13/14,2133.07,,,
7/14/14,10579.61,,,
7/15/14,10573.1,,,
7/16/14,8854.4,,,
7/17/14,8980.01,,,
7/18/14,9256.36,,,
7/19/14,3101.6,,,
7/20/14,2467.59,,,
7/21/14,9087.95,,,
7/22/14,9819.16,,,
7/23/14,8659,,,
7/24/14,9832.22,,,
7/25/14,9066.63,,,
7/26/14,2865.23,,,
7/27/14,2928.19,,,
7/28/14,9375.93,,,
7/29/14,9419.68,,,
7/30/14,9401.07,,,
7/31/14,9614.99,,,
8/1/14,7415.02,,,
8/2/14,3111.04,,,
8/3/14,2719.12,,,
8/4/14,8844.93,,,
8/5/14,8962.49,,,
8/6/14,8838.44,,,
8/7/14,9071.11,,,
8/8/14,6980.34,,,
8/9/14,3074.35,,,
8/10/14,2293.48,,,
8/11/14,9133,,,
8/12/14,9124.55,,,
8/13/14,9486.61,,,
8/14/14,7914.4,,,
8/15/14,7954.73,,,
8/16/14,2550.82,,,
8/17/14,2703.32,,,
8/18/14,9111.21,,,
8/19/14,8583.01,,,
8/20/14,9206.71,,,
8/21/14,8654.58,,,
8/22/14,7685.29,,,
8/23/14,2582.83,,,
8/24/14,2103.97,,,
8/25/14,3848.45,,,
8/26/14,8818.79,,,
8/27/14,9003.51,,,
8/28/14,9501.69,,,
8/29/14,8198.37,,,
8/30/14,3397.56,,,
8/31/14,2438.06,,,
9/1/14,8985.56,,,
9/2/14,8878.87,,,
9/3/14,10135.94,,,
9/4/14,9788.45,,,
9/5/14,8026.3,,,
9/6/14,2989.22,,,
9/7/14,2326.08,,,
9/8/14,10528.6,,,
9/9/14,8922.28,,,
9/10/14,8784.46,,,
9/11/14,9417.11,,,
9/12/14,8572.07,,,
9/13/14,3436.44,,,
9/14/14,3058.96,,,
9/15/14,9061.06,,,
9/16/14,10299.83,,,
9/17/14,10232.02,,,
9/18/14,9514.14,,,
9/19/14,9249.99,,,
9/20/14,3142.43,,,
9/21/14,2812.85,,,
9/22/14,9850.54,,,
9/23/14,9963.78,,,
9/24/14,9286.15,,,
9/25/14,10027.82,,,
9/26/14,8807.19,,,
9/27/14,3186.58,,,
9/28/14,2437.52,,,
9/29/14,9291.59,,,
9/30/14,9403.9,,,
10/1/14,11076.06,,,
10/2/14,10697.76,,,
10/3/14,9809.7,,,
10/4/14,3409.43,,,
10/5/14,2797.11,,,
10/6/14,10257.81,,,
10/7/14,10202.62,,,
10/8/14,9543.34,,,
10/9/14,11336.63,,,
10/10/14,9153.48,,,
10/11/14,3410.06,,,
10/12/14,2832.13,,,
10/13/14,9891.99,,,
10/14/14,10416.99,,,
10/15/14,10074.22,,,
10/16/14,10623.48,,,
10/17/14,8933.31,,,
10/18/14,2966.65,,,
10/19/14,2943.32,,,
10/20/14,10520.46,,,
10/21/14,10270.34,,,
10/22/14,9501.93,,,
10/23/14,9611.05,,,
10/24/14,9915.75,,,
10/25/14,2886.91,,,
10/26/14,2485.4,,,
10/27/14,10662.43,,,
10/28/14,9702.14,,,
10/29/14,11940.85,,,
10/30/14,9785.92,,,
10/31/14,9415.55,,,
11/1/14,3587.45,,,
11/2/14,2154.95,,,
11/3/14,9975.74,,,
11/4/14,10443.29,,,
11/5/14,10196.87,,,
11/6/14,10126.1,,,
11/7/14,9591.3,,,
11/8/14,4757.49,,,
11/9/14,2995.15,,,
11/10/14,10913.99,,,
11/11/14,10443,,,
11/12/14,10177.42,,,
11/13/14,11570.71,,,
11/14/14,8800.96,,,
11/15/14,3235.81,,,
11/16/14,2801.86,,,
11/17/14,11224.73,,,
11/18/14,9407.11,,,
11/19/14,9079.84,,,
11/20/14,10406.03,,,
11/21/14,8587.36,,,
11/22/14,3547.64,,,
11/23/14,2677.19,,,
11/24/14,9503.62,,,
11/25/14,9070.8,,,
11/26/14,9110.76,,,
11/27/14,10001.91,,,
11/28/14,8268.13,,,
11/29/14,3786.86,,,
11/30/14,2431.48,,,
12/1/14,9429.64,,,
12/2/14,11260.96,,,
12/3/14,9800.43,,,
12/4/14,10580.71,,,
12/5/14,8653.19,,,
12/6/14,3588.02,,,
12/7/14,2353.27,,,
12/8/14,9007.03,,,
12/9/14,10077.16,,,
12/10/14,11143.84,,,
12/11/14,10588.11,,,
12/12/14,9376.61,,,
12/13/14,3729.15,,,
12/14/14,3190.72,,,
12/15/14,9556.12,,,
12/16/14,10439.8,,,
12/17/14,10655.65,,,
12/18/14,11834.65,,,
12/19/14,9656.8,,,
12/20/14,3537.28,,,
12/21/14,3163.63,,,
12/22/14,8669.95,,,
12/23/14,7905.67,,,
12/24/14,3548.03,,,
12/25/14,262.28,,,
12/26/14,284.31,,,
12/27/14,1950.97,,,
12/28/14,2147.37,,,
12/29/14,4749.23,,,
12/30/14,4170.2,,,
12/31/14,3144.07,,,
1/1/15,503.28,,,
1/2/15,3719.15,,,
1/3/15,1881.05,,,
1/4/15,2352.9,,,
1/5/15,8925.34,,,
1/6/15,8944.34,,,
1/7/15,9600.86,,,
1/8/15,10105.26,,,
1/9/15,8010.38,,,
1/10/15,3243.54,,,
1/11/15,2195.71,,,
1/12/15,10592.86,,,
1/13/15,8516.44,,,
1/14/15,8992.76,,,
1/15/15,9289.09,,,
1/16/15,8373.54,,,
1/17/15,3088.2,,,
1/18/15,2260.48,,,
1/19/15,8603.49,,,
1/20/15,8276.26,,,
1/21/15,8508.45,,,
1/22/15,8328.33,,,
1/23/15,7971.72,,,
1/24/15,2994.3,,,
1/25/15,1733.21,,,
1/26/15,9838.99,,,
1/27/15,8642.57,,,
1/28/15,9323.75,,,
1/29/15,8936.69,,,
1/30/15,8304.16,,,
1/31/15,2722.43,,,
2/1/15,2279.73,,,
2/2/15,8692.21,,,
2/3/15,9606.13,,,
2/4/15,9937.28,,,
2/5/15,8373.9,,,
2/6/15,8081.86,,,
2/7/15,2690.57,,,
2/8/15,2207.97,,,
2/9/15,8808.97,,,
2/10/15,9783.06,,,
2/11/15,10154.87,,,
2/12/15,9505.03,,,
2/13/15,7831.55,,,
2/14/15,2757.21,,,
2/15/15,2031.82,,,
2/16/15,9061.47,,,
2/17/15,8370.66,,,
2/18/15,9309.04,,,
2/19/15,9526.16,,,
2/20/15,7286.72,,,
2/21/15,2551.68,,,
2/22/15,1912.99,,,
2/23/15,8706.56,,,
2/24/15,8999.06,,,
2/25/15,8145.67,,,
2/26/15,10026.07,,,
2/27/15,8253.32,,,
2/28/15,2813.71,,,
3/1/15,2208.56,,,
3/2/15,8513.44,,,
3/3/15,9193.7,,,
3/4/15,8878.82,,,
3/5/15,9633.23,,,
3/6/15,8876.88,,,
3/7/15,3058.71,,,
3/8/15,2344.8,,,
3/9/15,9251.73,,,
3/10/15,8481.14,,,
3/11/15,9340.25,,,
3/12/15,8728.13,,,
3/13/15,8246.09,,,
3/14/15,3281.09,,,
3/15/15,1897.14,,,
3/16/15,8509.32,,,
3/17/15,8232.69,,,
3/18/15,9184.61,,,
3/19/15,8592.1,,,
3/20/15,7982.64,,,
3/21/15,2809.45,,,
3/22/15,2088.21,,,
3/23/15,8043.44,,,
3/24/15,8364.05,,,
3/25/15,9270.18,,,
3/26/15,9643.75,,,
3/27/15,8331.16,,,
3/28/15,2854.3,,,
3/29/15,1686.52,,,
3/30/15,8877.15,,,
3/31/15,8933.28,,,
4/1/15,11289.07,,,
4/2/15,9427.14,,,
4/3/15,4022.84,,,
4/4/15,1592.79,,,
4/5/15,1330.61,,,
4/6/15,3164.43,,,
4/7/15,9600.23,,,
4/8/15,8849.23,,,
4/9/15,8401.97,,,
4/10/15,7825.52,,,
4/11/15,3138.03,,,
4/12/15,2090.37,,,
4/13/15,9239.45,,,
4/14/15,9523.73,,,
4/15/15,9124.92,,,
4/16/15,9315.3,,,
4/17/15,9525.9,,,
4/18/15,3042.41,,,
4/19/15,2380.84,,,
4/20/15,8516.38,,,
4/21/15,8733.23,,,
4/22/15,9911.58,,,
4/23/15,8332.01,,,
4/24/15,7828.18,,,
4/25/15,2546.12,,,
4/26/15,2246.59,,,
4/27/15,8773.47,,,
4/28/15,8974.72,,,
4/29/15,9158.12,,,
4/30/15,9252.15,,,
5/1/15,8797.47,,,
5/2/15,3005.52,,,
5/3/15,878.31,,,
5/4/15,3935.76,,,
5/5/15,9514.92,,,
5/6/15,9374,,,
5/7/15,9467.12,,,
5/8/15,8077.88,,,
5/9/15,3305.06,,,
5/10/15,2419,,,
5/11/15,9996.1,,,
5/12/15,9962.23,,,
5/13/15,9029.38,,,
5/14/15,9898.16,,,
5/15/15,7494.67,,,
5/16/15,2399.35,,,
5/17/15,1849.78,,,
5/18/15,8745.09,,,
5/19/15,9287.45,,,
5/20/15,10370.27,,,
5/21/15,9379.63,,,
5/22/15,8541.95,,,
5/23/15,3013.03,,,
5/24/15,1658.61,,,
5/25/15,3982.62,,,
5/26/15,9403.95,,,
5/27/15,8910.09,,,
5/28/15,8822.67,,,
5/29/15,8502.8,,,
5/30/15,3620.12,,,
5/31/15,2215.81,,,
6/1/15,10079.63,,,
6/2/15,8876.25,,,
6/3/15,10868.08,,,
6/4/15,9678.52,,,
6/5/15,7910.74,,,
6/6/15,3252.2,,,
6/7/15,1914.72,,,
6/8/15,10172.15,,,
6/9/15,9941.35,,,
6/10/15,10736.03,,,
6/11/15,9435.42,,,
6/12/15,8319.38,,,
6/13/15,2689,,,
6/14/15,2326.71,,,
6/15/15,9217.94,,,
6/16/15,8692.14,,,
6/17/15,9139.02,,,
6/18/15,8729.04,,,
6/19/15,8806.54,,,
6/20/15,2316.27,,,
6/21/15,2105.43,,,
6/22/15,9698.38,,,
6/23/15,9090.34,,,
6/24/15,9794.5,,,
6/25/15,9904.37,,,
6/26/15,7583.96,,,
6/27/15,2695.14,,,
6/28/15,2018.57,,,
6/29/15,8735.75,,,
6/30/15,8829.91,,,
7/1/15,9560.36,,,
7/2/15,9336.12,,,
7/3/15,8838.25,,,
7/4/15,2894.98,,,
7/5/15,2757.39,,,
7/6/15,9942.68,,,
7/7/15,9437.07,,,
7/8/15,10105.29,,,
7/9/15,10352.72,,,
7/10/15,8331.07,,,
7/11/15,3158.37,,,
7/12/15,1849.78,,,
7/13/15,9825.05,,,
7/14/15,8919.37,,,
7/15/15,9943.39,,,
7/16/15,8741.55,,,
7/17/15,8287.84,,,
7/18/15,2621.17,,,
7/19/15,2063.6,,,
7/20/15,10022.76,,,
7/21/15,9552.1,,,
7/22/15,10178.18,,,
7/23/15,8904.68,,,
7/24/15,7745.87,,,
7/25/15,3528.41,,,
7/26/15,2028.87,,,
7/27/15,10532.84,,,
7/28/15,9195.31,,,
7/29/15,9738.3,,,
7/30/15,9557.36,,,
7/31/15,8463.08,,,
8/1/15,2820.05,,,
8/2/15,1938.11,,,
8/3/15,8993.05,,,
8/4/15,9858.15,,,
8/5/15,10505.98,,,
8/6/15,8408.88,,,
8/7/15,8804.42,,,
8/8/15,3126.39,,,
8/9/15,2373.08,,,
8/10/15,8934.24,,,
8/11/15,9749.99,,,
8/12/15,10523.37,,,
8/13/15,9934.43,,,
8/14/15,7885.89,,,
8/15/15,2845.39,,,
8/16/15,1694.22,,,
8/17/15,9910.98,,,
8/18/15,8913.68,,,
8/19/15,11112.54,,,
8/20/15,10197.5,,,
8/21/15,8337.53,,,
8/22/15,2729.23,,,
8/23/15,1835.03,,,
8/24/15,10847.87,,,
8/25/15,9647.85,,,
8/26/15,10618.43,,,
8/27/15,10698.69,,,
8/28/15,8858.11,,,
8/29/15,3808.24,,,
8/30/15,1237.14,,,
8/31/15,3647.1,,,
9/1/15,11147.54,,,
9/2/15,10198.11,,,
9/3/15,10039.79,,,
9/4/15,8701.65,,,
9/5/15,3159.95,,,
9/6/15,1919.81,,,
9/7/15,9871.51,,,
9/8/15,10023.53,,,
9/9/15,10235.95,,,
9/10/15,10163.58,,,
9/11/15,9594.12,,,
9/12/15,3318.42,,,
9/13/15,2302.01,,,
9/14/15,9291.86,,,
9/15/15,9401.86,,,
9/16/15,9306.99,,,
9/17/15,9437.54,,,
9/18/15,8271.37,,,
9/19/15,3190.43,,,
9/20/15,1898.08,,,
9/21/15,8767.03,,,
9/22/15,9570.33,,,
9/23/15,10173.82,,,
9/24/15,10076.08,,,
9/25/15,8019.45,,,
9/26/15,2500.18,,,
9/27/15,2440.45,,,
9/28/15,10231.13,,,
9/29/15,8990.55,,,
9/30/15,10460.86,,,
10/1/15,9806.01,,,
10/2/15,10108.3,,,
10/3/15,2843.45,,,
10/4/15,2081.75,,,
10/5/15,9140.7,,,
10/6/15,10427.68,,,
10/7/15,10369.23,,,
10/8/15,9690.47,,,
10/9/15,8073.37,,,
10/10/15,3699.95,,,
10/11/15,2218.97,,,
10/12/15,9781.55,,,
10/13/15,10131,,,
10/14/15,11733.97,,,
10/15/15,10081.15,,,
10/16/15,9730.46,,,
10/17/15,3133.81,,,
10/18/15,1898.28,,,
10/19/15,10102.05,,,
10/20/15,9251.69,,,
10/21/15,8897.37,,,
10/22/15,10470.44,,,
10/23/15,8959.34,,,
10/24/15,2770.51,,,
10/25/15,1963.6,,,
10/26/15,9434.77,,,
10/27/15,9680.25,,,
10/28/15,10454.13,,,
10/29/15,9428.46,,,
10/30/15,9192.45,,,
10/31/15,3751.27,,,
11/1/15,2340.73,,,
11/2/15,10176.31,,,
11/3/15,10093.4,,,
11/4/15,11032.5,,,
11/5/15,9442.99,,,
11/6/15,9838.57,,,
11/7/15,3628.91,,,
11/8/15,2107.23,,,
11/9/15,9901.11,,,
11/10/15,11474.64,,,
11/11/15,10721.29,,,
11/12/15,11880.37,,,
11/13/15,9978.89,,,
11/14/15,3145.16,,,
11/15/15,2153.84,,,
11/16/15,10388.49,,,
11/17/15,10953.41,,,
11/18/15,11403.65,,,
11/19/15,11330.83,,,
11/20/15,9765.53,,,
11/21/15,3553.37,,,
11/22/15,2273.55,,,
11/23/15,10386.59,,,
11/24/15,11213.25,,,
11/25/15,10581.03,,,
11/26/15,10622.88,,,
11/27/15,9845.84,,,
11/28/15,3967.75,,,
11/29/15,2761.63,,,
11/30/15,9850.21,,,
12/1/15,10576.23,,,
12/2/15,10763.36,,,
12/3/15,12515.85,,,
12/4/15,10135.54,,,
12/5/15,3737.12,,,
12/6/15,2294.69,,,
12/7/15,11518.42,,,
12/8/15,11136.44,,,
12/9/15,12636.22,,,
12/10/15,11454.57,,,
12/11/15,9960.1,,,
12/12/15,3859.15,,,
12/13/15,2748.34,,,
12/14/15,10254.83,,,
12/15/15,9985.25,,,
12/16/15,10311.67,,,
12/17/15,11369.08,,,
12/18/15,9487.58,,,
12/19/15,3225.26,,,
12/20/15,2551.8,,,
12/21/15,10537.6,,,
12/22/15,10207.05,,,
12/23/15,8375.23,,,
12/24/15,3816.77,,,
12/25/15,151.14,,,
12/26/15,481.27,,,
12/27/15,1471.8,,,
12/28/15,3109.63,,,
12/29/15,5571.22,,,
12/30/15,5533.87,,,
12/31/15,3067.92,,,
1/1/16,404,,,
1/2/16,1361.51,,,
1/3/16,2092.71,,,
1/4/16,8566.78,,,
1/5/16,9929.73,,,
1/6/16,9380.18,,,
1/7/16,10193.58,,,
1/8/16,8656.11,,,
1/9/16,3341.46,,,
1/10/16,2057.3,,,
1/11/16,9325.51,,,
1/12/16,9612.19,,,
1/13/16,11135.66,,,
1/14/16,9834.21,,,
1/15/16,9147.37,,,
1/16/16,2422.57,,,
1/17/16,1906.23,,,
1/18/16,10735.61,,,
1/19/16,9972.83,,,
1/20/16,8153.15,,,
1/21/16,9934.6,,,
1/22/16,9414.59,,,
1/23/16,2793.11,,,
1/24/16,1777,,,
1/25/16,9642.06,,,
1/26/16,10237.85,,,
1/27/16,11579.22,,,
1/28/16,10107.64,,,
1/29/16,9700.94,,,
1/30/16,3244.52,,,
1/31/16,1704.57,,,
2/1/16,8783.57,,,
2/2/16,11004.41,,,
2/3/16,9150.06,,,
2/4/16,8029.44,,,
2/5/16,7884.89,,,
2/6/16,2633.25,,,
2/7/16,2026.28,,,
2/8/16,8855.71,,,
2/9/16,7618.87,,,
2/10/16,8966.57,,,
2/11/16,8895.33,,,
2/12/16,6813.19,,,
2/13/16,3124.1,,,
2/14/16,1669.25,,,
2/15/16,7358.78,,,
2/16/16,8583.87,,,
2/17/16,8109.58,,,
2/18/16,9340.48,,,
2/19/16,8012.78,,,
2/20/16,3145.27,,,
2/21/16,2539.93,,,
2/22/16,7945.19,,,
2/23/16,8424.7,,,
2/24/16,9726.04,,,
2/25/16,11214.88,,,
2/26/16,9582.61,,,
2/27/16,2703.84,,,
2/28/16,2212.54,,,
2/29/16,10050.15,,,
3/1/16,11611.06,,,
3/2/16,11422.39,,,
3/3/16,11569.62,,,
3/4/16,10154.09,,,
3/5/16,3039.84,,,
3/6/16,2392.62,,,
3/7/16,10489.46,,,
3/8/16,10509.21,,,
3/9/16,12445.48,,,
3/10/16,12217.85,,,
3/11/16,10037.51,,,
3/12/16,3593.98,,,
3/13/16,2114.21,,,
3/14/16,10905.19,,,
3/15/16,10074.91,,,
3/16/16,12024.35,,,
3/17/16,12185.74,,,
3/18/16,10400.87,,,
3/19/16,3687.63,,,
3/20/16,2609.18,,,
3/21/16,11067.85,,,
3/22/16,10790.73,,,
3/23/16,11239.83,,,
3/24/16,11279.42,,,
3/25/16,4823.31,,,
3/26/16,1807.56,,,
3/27/16,975.4,,,
3/28/16,3631.09,,,
3/29/16,10901.65,,,
3/30/16,12261.45,,,
3/31/16,11209.58,,,
4/1/16,10745.29,,,
4/2/16,3553.88,,,
4/3/16,2555.37,,,
4/4/16,11098.87,,,
4/5/16,9961.19,,,
4/6/16,10806.17,,,
4/7/16,12058.51,,,
4/8/16,10309.14,,,
4/9/16,3208.18,,,
4/10/16,2326.12,,,
4/11/16,11131.85,,,
4/12/16,10484.27,,,
4/13/16,10597.18,,,
4/14/16,10597.57,,,
4/15/16,9951.25,,,
4/16/16,3948.87,,,
4/17/16,2642.65,,,
4/18/16,11068.45,,,
4/19/16,10880.64,,,
4/20/16,11747.31,,,
4/21/16,10937.6,,,
4/22/16,10245.74,,,
4/23/16,3348.91,,,
4/24/16,2803.8,,,
4/25/16,11230.39,,,
4/26/16,10100.15,,,
4/27/16,11891.27,,,
4/28/16,12592.72,,,
4/29/16,10669.67,,,
4/30/16,3683.36,,,
5/1/16,1700.92,,,
5/2/16,4329.16,,,
5/3/16,11300.23,,,
5/4/16,10694.47,,,
5/5/16,11553.26,,,
5/6/16,10492.09,,,
5/7/16,3658.2,,,
5/8/16,2295.34,,,
5/9/16,12421.49,,,
5/10/16,11759.63,,,
5/11/16,12186.81,,,
5/12/16,11869.67,,,
5/13/16,10556.3,,,
5/14/16,3643.32,,,
5/15/16,3149.99,,,
5/16/16,11489.34,,,
5/17/16,10215.03,,,
5/18/16,11251.98,,,
5/19/16,11915.44,,,
5/20/16,10397.07,,,
5/21/16,3380.05,,,
5/22/16,2917.73,,,
5/23/16,12322.81,,,
5/24/16,11578.27,,,
5/25/16,11819.32,,,
5/26/16,12720.58,,,
5/27/16,9290.16,,,
5/28/16,2899.51,,,
5/29/16,1866.85,,,
5/30/16,4414.39,,,
5/31/16,12461.76,,,
6/1/16,11462.26,,,
6/2/16,11239.86,,,
6/3/16,11391.3,,,
6/4/16,3655.8,,,
6/5/16,2735.13,,,
6/6/16,11501.21,,,
6/7/16,11737.66,,,
6/8/16,11966.75,,,
6/9/16,10385.56,,,
6/10/16,9995.09,,,
6/11/16,3761.48,,,
6/12/16,2774.49,,,
6/13/16,11601.14,,,
6/14/16,10522.24,,,
6/15/16,11238.69,,,
6/16/16,12157.61,,,
6/17/16,9834.8,,,
6/18/16,3317.49,,,
6/19/16,1880.76,,,
6/20/16,10802.7,,,
6/21/16,12648.81,,,
6/22/16,11649.12,,,
6/23/16,10788.11,,,
6/24/16,8626.54,,,
6/25/16,3309.08,,,
6/26/16,2553.65,,,
6/27/16,12694.56,,,
6/28/16,11798.66,,,
6/29/16,12757.48,,,
6/30/16,13050.17,,,
7/1/16,10410.09,,,
7/2/16,3394.02,,,
7/3/16,2796.11,,,
7/4/16,11350.28,,,
7/5/16,11851.92,,,
7/6/16,12761.52,,,
7/7/16,11212.78,,,
7/8/16,9955.64,,,
7/9/16,3721.37,,,
7/10/16,3206.54,,,
7/11/16,12670.25,,,
7/12/16,10775.13,,,
7/13/16,11324.25,,,
7/14/16,12095.7,,,
7/15/16,11232.04,,,
7/16/16,3606.33,,,
7/17/16,1961.89,,,
7/18/16,11486.15,,,
7/19/16,11896.17,,,
7/20/16,12956.36,,,
7/21/16,10714.19,,,
7/22/16,9258.29,,,
7/23/16,3923.9,,,
7/24/16,2718.75,,,
7/25/16,11149.52,,,
7/26/16,12207.88,,,
7/27/16,13045.34,,,
7/28/16,11591.31,,,
7/29/16,8873.92,,,
7/30/16,3999.45,,,
7/31/16,2441.51,,,
8/1/16,11443.28,,,
8/2/16,11730.28,,,
8/3/16,11314.2,,,
8/4/16,11307.83,,,
8/5/16,9778.92,,,
8/6/16,3290.77,,,
8/7/16,2935.12,,,
8/8/16,12494.5,,,
8/9/16,10360.96,,,
8/10/16,12602.84,,,
8/11/16,11677.79,,,
8/12/16,10556.9,,,
8/13/16,3344.25,,,
8/14/16,2668.5,,,
8/15/16,12466.62,,,
8/16/16,10898.6,,,
8/17/16,12218.42,,,
8/18/16,12522.01,,,
8/19/16,9463.23,,,
8/20/16,3535.36,,,
8/21/16,3036.93,,,
8/22/16,12549.58,,,
8/23/16,12017.51,,,
8/24/16,13580.72,,,
8/25/16,11626.92,,,
8/26/16,9529.02,,,
8/27/16,3498.29,,,
8/28/16,2188.67,,,
8/29/16,4674.7,,,
8/30/16,12579,,,
8/31/16,11547.34,,,
9/1/16,13074.87,,,
9/2/16,11577.03,,,
9/3/16,4162.59,,,
9/4/16,2385.04,,,
9/5/16,12864.4,,,
9/6/16,12225.77,,,
9/7/16,12436.68,,,
9/8/16,11769.4,,,
9/9/16,10943.57,,,
9/10/16,3858.34,,,
9/11/16,2434.16,,,
9/12/16,12354.71,,,
9/13/16,13257.75,,,
9/14/16,12442.33,,,
9/15/16,13318.42,,,
9/16/16,9597.09,,,
9/17/16,3966.21,,,
9/18/16,2533.86,,,
9/19/16,12265.49,,,
9/20/16,13051.16,,,
9/21/16,12994.97,,,
9/22/16,11616.47,,,
9/23/16,10413.9,,,
9/24/16,4109.15,,,
9/25/16,2890.51,,,
9/26/16,12346.71,,,
9/27/16,12644.76,,,
9/28/16,12899.94,,,
9/29/16,13285.71,,,
9/30/16,10599.16,,,
10/1/16,4154.66,,,
10/2/16,2834.34,,,
10/3/16,12582.72,,,
10/4/16,12823.1,,,
10/5/16,12272.42,,,
10/6/16,13387.13,,,
10/7/16,10772.69,,,
10/8/16,4403.49,,,
10/9/16,2548.85,,,
10/10/16,14212.76,,,
10/11/16,12671.02,,,
10/12/16,13407.31,,,
10/13/16,12353.67,,,
10/14/16,11791.92,,,
10/15/16,4103.15,,,
10/16/16,2970.12,,,
10/17/16,13499.69,,,
10/18/16,12598.27,,,
10/19/16,12020.45,,,
10/20/16,12528.86,,,
10/21/16,10658.16,,,
10/22/16,4013.43,,,
10/23/16,2950.85,,,
10/24/16,13252.22,,,
10/25/16,12316.22,,,
10/26/16,12394.28,,,
10/27/16,11754.67,,,
10/28/16,11136.96,,,
10/29/16,4275.26,,,
10/30/16,3095.54,,,
10/31/16,12466.09,,,
11/1/16,11624.21,,,
11/2/16,13572.27,,,
11/3/16,13289.46,,,
11/4/16,12106.51,,,
11/5/16,4218.84,,,
11/6/16,2998.58,,,
11/7/16,12391.52,,,
11/8/16,14967.33,,,
11/9/16,13803.69,,,
11/10/16,12641.39,,,
11/11/16,13027.6,,,
11/12/16,4050.39,,,
11/13/16,4113.93,,,
11/14/16,12963.64,,,
11/15/16,12606.42,,,
11/16/16,13969.66,,,
11/17/16,14320.23,,,
11/18/16,12231.51,,,
11/19/16,5310.83,,,
11/20/16,3950.84,,,
11/21/16,14514.46,,,
11/22/16,13600.56,,,
11/23/16,15110.79,,,
11/24/16,13492.26,,,
11/25/16,12453.67,,,
11/26/16,4777.67,,,
11/27/16,3691.21,,,
11/28/16,13415.85,,,
11/29/16,13059.79,,,
11/30/16,13087.76,,,
12/1/16,14391.8,,,
12/2/16,12977.11,,,
12/3/16,4859.8,,,
12/4/16,3745.63,,,
12/5/16,14623.55,,,
12/6/16,12457.89,,,
12/7/16,14495.76,,,
12/8/16,13527.39,,,
12/9/16,14128.77,,,
12/10/16,5908.34,,,
12/11/16,3669.14,,,
12/12/16,13407,,,
12/13/16,13094.61,,,
12/14/16,14724.4,,,
12/15/16,13392.94,,,
12/16/16,12599.32,,,
12/17/16,5134,,,
12/18/16,3399.85,,,
12/19/16,12486.04,,,
12/20/16,12853.67,,,
12/21/16,13678.96,,,
12/22/16,12180.54,,,
12/23/16,9249.15,,,
12/24/16,1917.63,,,
12/25/16,31.98,,,
12/26/16,1041.92,,,
12/27/16,3046.39,,,
12/28/16,6706.58,,,
12/29/16,6459.84,,,
12/30/16,5664.57,,,
12/31/16,2190.92,,,
1/1/17,849.37,,,
1/2/17,3068.37,,,
1/3/17,11925.03,,,
1/4/17,12797.93,,,
1/5/17,11883.74,,,
1/6/17,10207.71,,,
1/7/17,4513.44,,,
1/8/17,3045.55,,,
1/9/17,12796.02,,,
1/10/17,11563.63,,,
1/11/17,15847.28,,,
1/12/17,13882.19,,,
1/13/17,13273.73,,,
1/14/17,4031.73,,,
1/15/17,3253.58,,,
1/16/17,14433.7,,,
1/17/17,14626.32,,,
1/18/17,13765.6,,,
1/19/17,13620.17,,,
1/20/17,11780.29,,,
1/21/17,3791.69,,,
1/22/17,2820.86,,,
1/23/17,12681.49,,,
1/24/17,12942.6,,,
1/25/17,13777.68,,,
1/26/17,13727.91,,,
1/27/17,12316.36,,,
1/28/17,4356.05,,,
1/29/17,3295.32,,,
1/30/17,17550.76,,,
1/31/17,13116.42,,,
2/1/17,13276.49,,,
2/2/17,13761.84,,,
2/3/17,14465.69,,,
2/4/17,3816,,,
2/5/17,3453.59,,,
2/6/17,12926.39,,,
2/7/17,13291.17,,,
2/8/17,14091.68,,,
2/9/17,13614.5,,,
2/10/17,13333.24,,,
2/11/17,3736.56,,,
2/12/17,3237.58,,,
2/13/17,14134.63,,,
2/14/17,14921.77,,,
2/15/17,13421.26,,,
2/16/17,13502.54,,,
2/17/17,11100.78,,,
2/18/17,4482.89,,,
2/19/17,3257.28,,,
2/20/17,13613.85,,,
2/21/17,12251.5,,,
2/22/17,14236.63,,,
2/23/17,12400.06,,,
2/24/17,13253.43,,,
2/25/17,3692.37,,,
2/26/17,2540.91,,,
2/27/17,14962.65,,,
2/28/17,12434.73,,,
3/1/17,14004.39,,,
3/2/17,14544.56,,,
3/3/17,13256.66,,,
3/4/17,4230.8,,,
3/5/17,2956.29,,,
3/6/17,13317.52,,,
3/7/17,12424.29,,,
3/8/17,14179.68,,,
3/9/17,13374.38,,,
3/10/17,12733.72,,,
3/11/17,4143.7,,,
3/12/17,3020.88,,,
3/13/17,13817.78,,,
3/14/17,13504.73,,,
3/15/17,13285.1,,,
3/16/17,13077.81,,,
3/17/17,13051.55,,,
3/18/17,3848.13,,,
3/19/17,2836.47,,,
3/20/17,13746.88,,,
3/21/17,14958.15,,,
3/22/17,15356.2,,,
3/23/17,15804.89,,,
3/24/17,13037.12,,,
3/25/17,4440.14,,,
3/26/17,3102.29,,,
3/27/17,14806.78,,,
3/28/17,14321.79,,,
3/29/17,13674.57,,,
3/30/17,14573.74,,,
3/31/17,12895.51,,,
4/1/17,4135.65,,,
4/2/17,3306.12,,,
4/3/17,14372.5,,,
4/4/17,13908.1,,,
4/5/17,15399.89,,,
4/6/17,15505.7,,,
4/7/17,12706.65,,,
4/8/17,4732.94,,,
4/9/17,3388.2,,,
4/10/17,13825.24,,,
4/11/17,15557.97,,,
4/12/17,15253.63,,,
4/13/17,15839.76,,,
4/14/17,7182.25,,,
4/15/17,2574.98,,,
4/16/17,2231.83,,,
4/17/17,5241.7,,,
4/18/17,15245.88,,,
4/19/17,14303.59,,,
4/20/17,14254.86,,,
4/21/17,13071.83,,,
4/22/17,4969.51,,,
4/23/17,3185.67,,,
4/24/17,16334.07,,,
4/25/17,14886.44,,,
4/26/17,15811.31,,,
4/27/17,16315.61,,,
4/28/17,13988.6,,,
4/29/17,4460.67,,,
4/30/17,2570.54,,,
5/1/17,5371.73,,,
5/2/17,14825.61,,,
5/3/17,15624.06,,,
5/4/17,15520.67,,,
5/5/17,15478.09,,,
5/6/17,5462,,,
5/7/17,3354.27,,,
5/8/17,16962.8,,,
5/9/17,15123.73,,,
5/10/17,16118.62,,,
5/11/17,16005.9,,,
5/12/17,13134.27,,,
5/13/17,5379.61,,,
5/14/17,3338.72,,,
5/15/17,15406.79,,,
5/16/17,15274.29,,,
5/17/17,14419.61,,,
5/18/17,15194.56,,,
5/19/17,13386.19,,,
5/20/17,4178.73,,,
5/21/17,3384.11,,,
5/22/17,15266.9,,,
5/23/17,14963.69,,,
5/24/17,14349.81,,,
5/25/17,14793.55,,,
5/26/17,14297.83,,,
5/27/17,5599.3,,,
5/28/17,2757.24,,,
5/29/17,5434.99,,,
5/30/17,15977.14,,,
5/31/17,16390.56,,,
6/1/17,14735.71,,,
6/2/17,14105.37,,,
6/3/17,5094.3,,,
6/4/17,3443.67,,,
6/5/17,15118.78,,,
6/6/17,15032.59,,,
6/7/17,18795.71,,,
6/8/17,16076.45,,,
6/9/17,15088.35,,,
6/10/17,5198.34,,,
6/11/17,2945.33,,,
6/12/17,15552.32,,,
6/13/17,15160.77,,,
6/14/17,16216.25,,,
6/15/17,14987.96,,,
6/16/17,14996.06,,,
6/17/17,5687.83,,,
6/18/17,3024.2,,,
6/19/17,14650.94,,,
6/20/17,15725.21,,,
6/21/17,15217.93,,,
6/22/17,16359.61,,,
6/23/17,12565.69,,,
6/24/17,5833.54,,,
6/25/17,3148.32,,,
6/26/17,17226.08,,,
6/27/17,13863.43,,,
6/28/17,17327.31,,,
6/29/17,17746.24,,,
6/30/17,15263.77,,,
7/1/17,5891.4,,,
7/2/17,3764.82,,,
7/3/17,16187.06,,,
7/4/17,16751.02,,,
7/5/17,17936.76,,,
7/6/17,16375.53,,,
7/7/17,14482.58,,,
7/8/17,5119.68,,,
7/9/17,3538.48,,,
7/10/17,15827.42,,,
7/11/17,17510.56,,,
7/12/17,15741.78,,,
7/13/17,17081,,,
7/14/17,15632.9,,,
7/15/17,5753.99,,,
7/16/17,3680.93,,,
7/17/17,15723.68,,,
7/18/17,15677.95,,,
7/19/17,15451.01,,,
7/20/17,16038.19,,,
7/21/17,15102.24,,,
7/22/17,5935.01,,,
7/23/17,4070.15,,,
7/24/17,15059.78,,,
7/25/17,15730.49,,,
7/26/17,15531.44,,,
7/27/17,15724.08,,,
7/28/17,15799.36,,,
7/29/17,5137.47,,,
7/30/17,3611.12,,,
7/31/17,15548.43,,,
8/1/17,15704.1,,,
8/2/17,16407.95,,,
8/3/17,15679.61,,,
8/4/17,13516.95,,,
8/5/17,4741.79,,,
8/6/17,3824.74,,,
8/7/17,14373.1,,,
8/8/17,14978.31,,,
8/9/17,15792.02,,,
8/10/17,15578.38,,,
8/11/17,19120.49,,,
8/12/17,5228.04,,,
8/13/17,3941.12,,,
8/14/17,14964.32,,,
8/15/17,14861.11,,,
8/16/17,16340.65,,,
8/17/17,17036.76,,,
8/18/17,14925.8,,,
8/19/17,4977.67,,,
8/20/17,4276.33,,,
8/21/17,15469.97,,,
8/22/17,15417.86,,,
8/23/17,15637.05,,,
8/24/17,16280.03,,,
8/25/17,14605.95,,,
8/26/17,5478.74,,,
8/27/17,3164.16,,,
8/28/17,6409.44,,,
8/29/17,15152.79,,,
8/30/17,16094.88,,,
8/31/17,16511.83,,,
9/1/17,16452.07,,,
9/2/17,6274.7,,,
9/3/17,3732.96,,,
9/4/17,16646.32,,,
9/5/17,17260.56,,,
9/6/17,16830.1,,,
9/7/17,16971,,,
9/8/17,15835.17,,,
9/9/17,6271.16,,,
9/10/17,3599.85,,,
9/11/17,16461.08,,,
9/12/17,18215.86,,,
9/13/17,17925.78,,,
9/14/17,17108.33,,,
9/15/17,15371.96,,,
9/16/17,6019.47,,,
9/17/17,4167.75,,,
9/18/17,18271.85,,,
9/19/17,16799.14,,,
9/20/17,16873.12,,,
9/21/17,17639.48,,,
9/22/17,15298.18,,,
9/23/17,5467.09,,,
9/24/17,3587.76,,,
9/25/17,16080.75,,,
9/26/17,15249.39,,,
9/27/17,18619.04,,,
9/28/17,17529.8,,,
9/29/17,14705.29,,,
9/30/17,5848.17,,,
10/1/17,4032.16,,,
10/2/17,18152.67,,,
10/3/17,17623.49,,,
10/4/17,17914.69,,,
10/5/17,18726.56,,,
10/6/17,17189.55,,,
10/7/17,5053.18,,,
10/8/17,3525.6,,,
10/9/17,18104.03,,,
10/10/17,17446.79,,,
10/11/17,19007.85,,,
10/12/17,17785.51,,,
10/13/17,14759.57,,,
10/14/17,5589.54,,,
10/15/17,4497.48,,,
10/16/17,18516.54,,,
10/17/17,16090.12,,,
10/18/17,19095.35,,,
10/19/17,17225.53,,,
10/20/17,16374.58,,,
10/21/17,6001.62,,,
10/22/17,4161.76,,,
10/23/17,18165.92,,,
10/24/17,17462.54,,,
10/25/17,17558.57,,,
10/26/17,17127.06,,,
10/27/17,15490.74,,,
10/28/17,5960.51,,,
10/29/17,4045.46,,,
10/30/17,20554.33,,,
10/31/17,17587.2,,,
11/1/17,17012.11,,,
11/2/17,17440.36,,,
11/3/17,15588.16,,,
11/4/17,5348.57,,,
11/5/17,3934.14,,,
11/6/17,17693.66,,,
11/7/17,17542.14,,,
11/8/17,19273.75,,,
11/9/17,18807.51,,,
11/10/17,16385.73,,,
11/11/17,5164.36,,,
11/12/17,4288.6,,,
11/13/17,18333.77,,,
11/14/17,16022.41,,,
11/15/17,16468.15,,,
11/16/17,16808.8,,,
11/17/17,15544.54,,,
11/18/17,6216.5,,,
11/19/17,4281.43,,,
11/20/17,17645.74,,,
11/21/17,18207.63,,,
11/22/17,19690.7,,,
11/23/17,18558.48,,,
11/24/17,16332.56,,,
11/25/17,5616.06,,,
11/26/17,3952.98,,,
11/27/17,18246.48,,,
11/28/17,18778.13,,,
11/29/17,19857.81,,,
11/30/17,18572.33,,,
12/1/17,18215.38,,,
12/2/17,6619.33,,,
12/3/17,4686.81,,,
12/4/17,19206.09,,,
12/5/17,18440.67,,,
12/6/17,19764.9,,,
12/7/17,19829.06,,,
12/8/17,19319.85,,,
12/9/17,6494.81,,,
12/10/17,4390.99,,,
12/11/17,18083.78,,,
12/12/17,18110.52,,,
12/13/17,18923.43,,,
12/14/17,19681.62,,,
12/15/17,16935.08,,,
12/16/17,6339.48,,,
12/17/17,4930.78,,,
12/18/17,17350.81,,,
12/19/17,17963.3,,,
12/20/17,17963.33,,,
12/21/17,16623.98,,,
12/22/17,12276.84,,,
12/23/17,3728.84,,,
12/24/17,1567.5,,,
12/25/17,189.14,,,
12/26/17,2195.21,,,
12/27/17,8457.94,,,
12/28/17,9788.46,,,
12/29/17,7803.15,,,
12/30/17,4243.89,,,
12/31/17,1922.82,,,
1/1/18,1674.64,,,
1/2/18,13822.56,,,
1/3/18,14471.81,,,
1/4/18,18392.57,,,
1/5/18,14393.72,,,
1/6/18,5675.94,,,
1/7/18,3922.28,,,
1/8/18,16401.33,,,
1/9/18,16916.91,,,
1/10/18,17409.82,,,
1/11/18,17036.39,,,
1/12/18,15732.6,,,
1/13/18,5440.29,,,
1/14/18,3847.17,,,
1/15/18,16111.46,,,
1/16/18,17311.05,,,
1/17/18,18695.18,,,
1/18/18,18723.41,,,
1/19/18,16408.09,,,
1/20/18,5587.96,,,
1/21/18,4590.99,,,
1/22/18,18520.7,,,
1/23/18,18616.64,,,
1/24/18,19474.31,,,
1/25/18,18631.27,,,
1/26/18,16555.93,,,
1/27/18,5610.63,,,
1/28/18,3375.47,,,
1/29/18,18959.62,,,
1/30/18,17705.16,,,
1/31/18,19128.05,,,
2/1/18,18701.74,,,
2/2/18,17237.68,,,
2/3/18,5391.42,,,
2/4/18,3969.45,,,
2/5/18,18268.67,,,
2/6/18,17111.93,,,
2/7/18,18010.42,,,
2/8/18,18516.96,,,
2/9/18,17648.15,,,
2/10/18,5677.53,,,
2/11/18,3567.75,,,
2/12/18,16789.73,,,
2/13/18,18233.54,,,
2/14/18,17949.96,,,
2/15/18,20802.37,,,
2/16/18,17608.46,,,
2/17/18,6008.75,,,
2/18/18,3779.35,,,
2/19/18,18041.44,,,
2/20/18,17698.69,,,
2/21/18,19410.55,,,
2/22/18,18140.04,,,
2/23/18,17698.96,,,
2/24/18,4999.27,,,
2/25/18,4194.98,,,
2/26/18,18683.92,,,
2/27/18,16788.48,,,
2/28/18,15356.37,,,
3/1/18,15971.93,,,
3/2/18,12004.52,,,
3/3/18,4414.64,,,
3/4/18,4067.84,,,
3/5/18,17009,,,
3/6/18,19138.97,,,
3/7/18,19230.13,,,
3/8/18,20349.49,,,
3/9/18,17215.11,,,
3/10/18,7582.63,,,
3/11/18,3938.91,,,
3/12/18,18928.01,,,
3/13/18,19367.94,,,
3/14/18,19581.08,,,
3/15/18,18846.32,,,
3/16/18,17710.97,,,
3/17/18,5533.94,,,
3/18/18,4452.19,,,
3/19/18,19426.74,,,
3/20/18,19176.73,,,
3/21/18,19521.98,,,
3/22/18,20704.41,,,
3/23/18,19112.3,,,
3/24/18,6945.71,,,
3/25/18,3742.2,,,
3/26/18,18051.21,,,
3/27/18,17143.58,,,
3/28/18,19625.27,,,
3/29/18,17242.76,,,
3/30/18,7888.35,,,
3/31/18,3754.78,,,
4/1/18,1712.25,,,
4/2/18,5716.25,,,
4/3/18,17491.25,,,
4/4/18,18295.67,,,
4/5/18,18713.69,,,
4/6/18,16808.45,,,
4/7/18,7024.1,,,
4/8/18,4684.75,,,
4/9/18,18242.92,,,
4/10/18,17462.84,,,
4/11/18,19164.6,,,
4/12/18,18991.88,,,
4/13/18,15382.85,,,
4/14/18,6298.05,,,
4/15/18,3666.71,,,
4/16/18,18095.63,,,
4/17/18,19192.56,,,
4/18/18,19484.15,,,
4/19/18,18855.11,,,
4/20/18,17150.55,,,
4/21/18,5102.19,,,
4/22/18,4181.69,,,
4/23/18,18351.21,,,
4/24/18,19472.45,,,
4/25/18,20203.9,,,
4/26/18,21100.66,,,
4/27/18,16962.46,,,
4/28/18,6358.3,,,
4/29/18,3721.6,,,
4/30/18,18952.85,,,
5/1/18,19122.24,,,
5/2/18,20823.91,,,
5/3/18,19705.26,,,
5/4/18,18202.9,,,
5/5/18,5550.18,,,
5/6/18,2949.15,,,
5/7/18,7102.55,,,
5/8/18,19720.27,,,
5/9/18,18173.56,,,
5/10/18,20844.89,,,
5/11/18,19224.31,,,
5/12/18,7086,,,
5/13/18,4759.65,,,
5/14/18,18403.99,,,
5/15/18,20154.8,,,
5/16/18,19961.84,,,
5/17/18,20800.8,,,
5/18/18,18363.15,,,
5/19/18,6966.35,,,
5/20/18,4218.07,,,
5/21/18,19486.56,,,
5/22/18,20527.56,,,
5/23/18,20296.82,,,
5/24/18,22039.56,,,
5/25/18,16982.98,,,
5/26/18,6741.28,,,
5/27/18,3491.32,,,
5/28/18,6198.03,,,
5/29/18,19955.77,,,
5/30/18,19341.32,,,
5/31/18,18679.1,,,
6/1/18,16582.16,,,
6/2/18,6484.35,,,
6/3/18,4813.58,,,
6/4/18,18776.71,,,
6/5/18,20815.15,,,
6/6/18,21085.18,,,
6/7/18,19638.8,,,
6/8/18,18203.53,,,
6/9/18,7608.59,,,
6/10/18,4859.67,,,
6/11/18,19998.24,,,
6/12/18,18497.6,,,
6/13/18,18488.72,,,
6/14/18,22429.1,,,
6/15/18,18271.49,,,
6/16/18,6121.34,,,
6/17/18,4367.61,,,
6/18/18,19626.4,,,
6/19/18,21686.23,,,
6/20/18,19928.94,,,
6/21/18,18923.63,,,
6/22/18,19634.96,,,
6/23/18,7189.95,,,
6/24/18,4186.39,,,
6/25/18,18302.09,,,
6/26/18,19336.7,,,
6/27/18,19395.39,,,
6/28/18,20332.21,,,
6/29/18,18868.8,,,
6/30/18,6642.51,,,
7/1/18,4555.86,,,
7/2/18,20137.46,,,
7/3/18,19855.42,,,
7/4/18,22610.77,,,
7/5/18,19403.93,,,
7/6/18,18770.28,,,
7/7/18,6487.53,,,
7/8/18,4606.93,,,
7/9/18,18387.33,,,
7/10/18,20500.33,,,
7/11/18,19678.4,,,
7/12/18,20709,,,
7/13/18,18345.04,,,
7/14/18,6247.58,,,
7/15/18,4015.96,,,
7/16/18,19704.46,,,
7/17/18,18159.62,,,
7/18/18,18907.03,,,
7/19/18,19938.34,,,
7/20/18,17811,,,
7/21/18,6212.9,,,
7/22/18,4305.98,,,
7/23/18,18265.03,,,
7/24/18,18881.14,,,
7/25/18,18136.33,,,
7/26/18,18298.26,,,
7/27/18,17308.08,,,
7/28/18,6058.87,,,
7/29/18,4511.63,,,
7/30/18,18504.95,,,
7/31/18,19780.54,,,
8/1/18,19371.27,,,
8/2/18,18482.44,,,
8/3/18,17871.43,,,
8/4/18,6144.46,,,
8/5/18,3812.9,,,
8/6/18,18336.77,,,
8/7/18,17961.62,,,
8/8/18,18982.17,,,
8/9/18,19502.29,,,
8/10/18,17547.48,,,
8/11/18,6065.65,,,
8/12/18,4237.47,,,
8/13/18,17617.1,,,
8/14/18,18354.81,,,
8/15/18,17973.41,,,
8/16/18,19168.16,,,
8/17/18,17242.77,,,
8/18/18,6918.61,,,
8/19/18,4134.16,,,
8/20/18,17572.31,,,
8/21/18,18064.22,,,
8/22/18,18951.87,,,
8/23/18,18838.59,,,
8/24/18,16585.29,,,
8/25/18,6664.28,,,
8/26/18,3743.98,,,
8/27/18,7241.23,,,
8/28/18,18990.54,,,
8/29/18,19122.33,,,
8/30/18,21146.8,,,
8/31/18,18553.86,,,
9/1/18,6990.44,,,
9/2/18,5386.01,,,
9/3/18,19486.06,,,
9/4/18,20965.75,,,
9/5/18,22658.51,,,
9/6/18,21359.96,,,
9/7/18,18891.31,,,
9/8/18,7105.57,,,
9/9/18,4139.54,,,
9/10/18,22268.65,,,
9/11/18,21846.08,,,
9/12/18,23426.54,,,
9/13/18,24463.67,,,
9/14/18,18914.9,,,
9/15/18,6405.57,,,
9/16/18,4133.54,,,
9/17/18,23560.75,,,
9/18/18,21699.79,,,
9/19/18,22883.61,,,
9/20/18,24742.95,,,
9/21/18,21227.92,,,
9/22/18,7607.33,,,
9/23/18,4993.16,,,
9/24/18,24091.29,,,
9/25/18,23382.41,,,
9/26/18,24334.18,,,
9/27/18,23161.02,,,
9/28/18,22018.98,,,
9/29/18,7296.15,,,
9/30/18,4552.93,,,
10/1/18,23429.85,,,
10/2/18,22575.98,,,
10/3/18,24834.39,,,
10/4/18,23419.79,,,
10/5/18,20963.15,,,
10/6/18,7333.19,,,
10/7/18,4829.12,,,
10/8/18,22883.63,,,
10/9/18,20758.44,,,
10/10/18,23335.05,,,
10/11/18,21893.57,,,
10/12/18,21481.12,,,
10/13/18,7737.27,,,
10/14/18,4445.35,,,
10/15/18,23083.67,,,
10/16/18,22894.15,,,
10/17/18,23080.09,,,
10/18/18,23021.4,,,
10/19/18,18536.53,,,
10/20/18,7480.12,,,
10/21/18,4037.62,,,
10/22/18,21209.44,,,
10/23/18,20502.15,,,
10/24/18,24220.62,,,
10/25/18,24137.49,,,
10/26/18,20850.03,,,
10/27/18,8601.72,,,
10/28/18,5310.56,,,
10/29/18,21648.24,,,
10/30/18,22270.19,,,
10/31/18,22950.95,,,
11/1/18,24908.96,,,
11/2/18,23908.65,,,
11/3/18,6637.19,,,
11/4/18,4808.41,,,
11/5/18,23009.18,,,
11/6/18,21213.01,,,
11/7/18,24281.17,,,
11/8/18,24385.6,,,
11/9/18,22128.18,,,
11/10/18,7725.89,,,
11/11/18,4959.45,,,
11/12/18,21428.91,,,
11/13/18,23138.34,,,
11/14/18,23410.59,,,
11/15/18,23264.17,,,
11/16/18,20466.07,,,
11/17/18,6716.93,,,
11/18/18,5046.16,,,
11/19/18,22573.21,,,
11/20/18,22359.1,,,
11/21/18,24625.06,,,
11/22/18,23883.27,,,
11/23/18,21108.13,,,
11/24/18,7536.32,,,
11/25/18,5107.3,,,
11/26/18,21847.78,,,
11/27/18,23360.62,,,
11/28/18,24637.35,,,
11/29/18,24535.97,,,
11/30/18,21329.14,,,
12/1/18,7694.52,,,
12/2/18,5019.31,,,
12/3/18,23847.66,,,
12/4/18,21995.74,,,
12/5/18,23250.58,,,
12/6/18,24751.78,,,
12/7/18,21750.07,,,
12/8/18,9053.91,,,
12/9/18,5503.7,,,
12/10/18,24480.56,,,
12/11/18,23542.38,,,
12/12/18,23448.17,,,
12/13/18,24876.25,,,
12/14/18,20924.63,,,
12/15/18,7720.98,,,
12/16/18,5819.35,,,
12/17/18,21136.93,,,
12/18/18,23962.21,,,
12/19/18,25825.24,,,
12/20/18,26211.09,,,
12/21/18,18361.6,,,
12/22/18,6088.6,,,
12/23/18,4174,,,
12/24/18,5021.29,,,
12/25/18,251.91,,,
12/26/18,2108.51,,,
12/27/18,10579.31,,,
12/28/18,9961.58,,,
12/29/18,5111.11,,,
12/30/18,3851.33,,,
12/31/18,6073.03,,,
1/1/19,1965.3,,,
1/2/19,15498.26,,,
1/3/19,17355.13,,,
1/4/19,16209.36,,,
1/5/19,6216.02,,,
1/6/19,4560.59,,,
1/7/19,20509.05,,,
1/8/19,22396.27,,,
1/9/19,22294.6,,,
1/10/19,22507.83,,,
1/11/19,21220.26,,,
1/12/19,6332,,,
1/13/19,4069.57,,,
1/14/19,23746.87,,,
1/15/19,23432.32,,,
1/16/19,23420.81,,,
1/17/19,25559.44,,,
1/18/19,21494.73,,,
1/19/19,7587.19,,,
1/20/19,4246.34,,,
1/21/19,20745.32,,,
1/22/19,22303.79,,,
1/23/19,22847.3,,,
1/24/19,22231.71,,,
1/25/19,20348.43,,,
1/26/19,6105.96,,,
1/27/19,4883.53,,,
1/28/19,21943.18,,,
1/29/19,21873.6,,,
1/30/19,23340.41,,,
1/31/19,22415.09,,,
2/1/19,19875.89,,,
2/2/19,6369.42,,,
2/3/19,4711.96,,,
2/4/19,23163.53,,,
2/5/19,25321.25,,,
2/6/19,24042.97,,,
2/7/19,24061.58,,,
2/8/19,21676.93,,,
2/9/19,7209.71,,,
2/10/19,4842.22,,,
2/11/19,24943.66,,,
2/12/19,24765.91,,,
2/13/19,25146.6,,,
2/14/19,23381.59,,,
2/15/19,21977.17,,,
2/16/19,7207.54,,,
2/17/19,4240.18,,,
2/18/19,22135.2,,,
2/19/19,24518.27,,,
2/20/19,24274.33,,,
2/21/19,24479.12,,,
2/22/19,22239.05,,,
2/23/19,7336.27,,,
2/24/19,4735.6,,,
2/25/19,23297.72,,,
2/26/19,23930.08,,,
2/27/19,23518.19,,,
2/28/19,24418.31,,,
3/1/19,21535.95,,,
3/2/19,6629.03,,,
3/3/19,4804.66,,,
3/4/19,22662.46,,,
3/5/19,25553.61,,,
3/6/19,25643.73,,,
3/7/19,26679.4,,,
3/8/19,23908.05,,,
3/9/19,8116.06,,,
3/10/19,5317.85,,,
3/11/19,24783.84,,,
3/12/19,25514.37,,,
3/13/19,30428.05,,,
3/14/19,29567.33,,,
3/15/19,25098.21,,,
3/16/19,7625.65,,,
3/17/19,5918.07,,,
3/18/19,26064.01,,,
3/19/19,24134.03,,,
3/20/19,27196.46,,,
3/21/19,25393.3,,,
3/22/19,22171.61,,,
3/23/19,8276.33,,,
3/24/19,5430.79,,,
3/25/19,24653.74,,,
3/26/19,24585.01,,,
3/27/19,25060.01,,,
3/28/19,24580.19,,,
3/29/19,22395.33,,,
3/30/19,7137.27,,,
3/31/19,4385.4,,,
4/1/19,24559.57,,,
4/2/19,24587.58,,,
4/3/19,25830.23,,,
4/4/19,25510.09,,,
4/5/19,22162.98,,,
4/6/19,6840.5,,,
4/7/19,5075.48,,,
4/8/19,23931.61,,,
4/9/19,24775.2,,,
4/10/19,25141.55,,,
4/11/19,27660.18,,,
4/12/19,22022.1,,,
4/13/19,7634.44,,,
4/14/19,5647.82,,,
4/15/19,23644.78,,,
4/16/19,25550.76,,,
4/17/19,25163.35,,,
4/18/19,24203,,,
4/19/19,9942.31,,,
4/20/19,4403.49,,,
4/21/19,2900.43,,,
4/22/19,8205.11,,,
4/23/19,24540.72,,,
4/24/19,23418.2,,,
4/25/19,23073.44,,,
4/26/19,21287.18,,,
4/27/19,8356.03,,,
4/28/19,5595.83,,,
4/29/19,23531.53,,,
4/30/19,24738.44,,,
5/1/19,26468.39,,,
5/2/19,25784.56,,,
5/3/19,21812.39,,,
5/4/19,7535.39,,,
5/5/19,3302.87,,,
5/6/19,8033.32,,,
5/7/19,24562.45,,,
5/8/19,24682.16,,,
5/9/19,27219.02,,,
5/10/19,22250.08,,,
5/11/19,8603.56,,,
5/12/19,5306.02,,,
5/13/19,24742.49,,,
5/14/19,25327.91,,,
5/15/19,26472.04,,,
5/16/19,25517.77,,,
5/17/19,22881.4,,,
5/18/19,7507.64,,,
5/19/19,5091.08,,,
5/20/19,23906.28,,,
5/21/19,24511.63,,,
5/22/19,26191.23,,,
5/23/19,26201.41,,,
5/24/19,23268.87,,,
5/25/19,7792.08,,,
5/26/19,4105.58,,,
5/27/19,8592.34,,,
5/28/19,23761.02,,,
5/29/19,24559.11,,,
5/30/19,23689.16,,,
5/31/19,21085.23,,,
6/1/19,9015.41,,,
6/2/19,5189.41,,,
6/3/19,21157.73,,,
6/4/19,23481.63,,,
6/5/19,25559.8,,,
6/6/19,24976.07,,,
6/7/19,22111.06,,,
6/8/19,7338.17,,,
6/9/19,4801.27,,,
6/10/19,22642.02,,,
6/11/19,24136.8,,,
6/12/19,24018.83,,,
6/13/19,24405.46,,,
6/14/19,22014.64,,,
6/15/19,7119.82,,,
6/16/19,5598.1,,,
6/17/19,22081.97,,,
6/18/19,22266.94,,,
6/19/19,23288.37,,,
6/20/19,24541.16,,,
6/21/19,22216.5,,,
6/22/19,6873.69,,,
6/23/19,5587.44,,,
6/24/19,24357.89,,,
6/25/19,25153.56,,,
6/26/19,24578.88,,,
6/27/19,24657.38,,,
6/28/19,21507.08,,,
6/29/19,7391.94,,,
6/30/19,5636.89,,,
7/1/19,24316.28,,,
7/2/19,24899.01,,,
7/3/19,26259.71,,,
7/4/19,27861.87,,,
7/5/19,24340.97,,,
7/6/19,8260.22,,,
7/7/19,5270.85,,,
7/8/19,24229.66,,,
7/9/19,24776.51,,,
7/10/19,25305.01,,,
7/11/19,27039.71,,,
7/12/19,22737.59,,,
7/13/19,9056.67,,,
7/14/19,5431.18,,,
7/15/19,25375.73,,,
7/16/19,23930.91,,,
7/17/19,27437.3,,,
7/18/19,24699.35,,,
7/19/19,22919.14,,,
7/20/19,8188.05,,,
7/21/19,5719.08,,,
7/22/19,23866.75,,,
7/23/19,25424.05,,,
7/24/19,23700.02,,,
7/25/19,25112.08,,,
7/26/19,21117.15,,,
7/27/19,7933.93,,,
7/28/19,6409.5,,,
7/29/19,25108.62,,,
7/30/19,24853.98,,,
7/31/19,24421.06,,,
8/1/19,26224.74,,,
8/2/19,23488.91,,,
8/3/19,7279.27,,,
8/4/19,4715.8,,,
8/5/19,24783.6,,,
8/6/19,24683.02,,,
8/7/19,25696.78,,,
8/8/19,24966.17,,,
8/9/19,22651.86,,,
8/10/19,8047.8,,,
8/11/19,5154.91,,,
8/12/19,25344.21,,,
8/13/19,25267.38,,,
8/14/19,23797.48,,,
8/15/19,26646.91,,,
8/16/19,22348.46,,,
8/17/19,8110.31,,,
8/18/19,5842.95,,,
8/19/19,24656.47,,,
8/20/19,25627.05,,,
8/21/19,27642.53,,,
8/22/19,26476.53,,,
8/23/19,22688.96,,,
8/24/19,9029.76,,,
8/25/19,4639.21,,,
8/26/19,9267.73,,,
8/27/19,24564.7,,,
8/28/19,26514.44,,,
8/29/19,26218.1,,,
8/30/19,23225.42,,,
8/31/19,10189,,,
9/1/19,5534.78,,,
9/2/19,27608.42,,,
9/3/19,25969.07,,,
9/4/19,27989.59,,,
9/5/19,27909.29,,,
9/6/19,26060.29,,,
9/7/19,9177.67,,,
9/8/19,5685.94,,,
9/9/19,26691.88,,,
9/10/19,26403.65,,,
9/11/19,28976.82,,,
9/12/19,27733.1,,,
9/13/19,25975.56,,,
9/14/19,9567.38,,,
9/15/19,6995.55,,,
9/16/19,26398.93,,,
9/17/19,27843.33,,,
9/18/19,28917.8,,,
9/19/19,28252.45,,,
9/20/19,26877.55,,,
9/21/19,10308.2,,,
9/22/19,5393.67,,,
9/23/19,27597.24,,,
9/24/19,27500.58,,,
9/25/19,27901.37,,,
9/26/19,28405.75,,,
9/27/19,26353.97,,,
9/28/19,8588.33,,,
9/29/19,6602.53,,,
9/30/19,27120.68,,,
10/1/19,28023.24,,,
10/2/19,29518.79,,,
10/3/19,29533.57,,,
10/4/19,26183.87,,,
10/5/19,8589.26,,,
10/6/19,6080.67,,,
10/7/19,28638.71,,,
10/8/19,28980.94,,,
10/9/19,30547.65,,,
10/10/19,31530.96,,,
10/11/19,27716.71,,,
10/12/19,8996.45,,,
10/13/19,5599.57,,,
10/14/19,29375.14,,,
10/15/19,29459.52,,,
10/16/19,29608.24,,,
10/17/19,29234.47,,,
10/18/19,25820.22,,,
10/19/19,7960.85,,,
10/20/19,6321.58,,,
10/21/19,29484.2,,,
10/22/19,28874.73,,,
10/23/19,30618.66,,,
10/24/19,27871.72,,,
10/25/19,26731.49,,,
10/26/19,10739.97,,,
10/27/19,6534.55,,,
10/28/19,28600.46,,,
10/29/19,29867.7,,,
10/30/19,29542.31,,,
10/31/19,29539.02,,,
11/1/19,25657.94,,,
11/2/19,10187.91,,,
11/3/19,6022.6,,,
11/4/19,27683.49,,,
11/5/19,27257.86,,,
11/6/19,28272.97,,,
11/7/19,30192.73,,,
11/8/19,28552.1,,,
11/9/19,8693.06,,,
11/10/19,6618.63,,,
11/11/19,30022.13,,,
11/12/19,30067.34,,,
11/13/19,31941.72,,,
11/14/19,30375.35,,,
11/15/19,29933.65,,,
11/16/19,8953.11,,,
11/17/19,6454.49,,,
11/18/19,28535.96,,,
11/19/19,29167.37,,,
11/20/19,30365.68,,,
11/21/19,32131.19,,,
11/22/19,29289.33,,,
11/23/19,9340.86,,,
11/24/19,7183.74,,,
11/25/19,29172.87,,,
11/26/19,29749.68,,,
11/27/19,31304.95,,,
11/28/19,31814.8,,,
11/29/19,27416.32,,,
11/30/19,10381.56,,,
12/1/19,7495.12,,,
12/2/19,28121.22,,,
12/3/19,32418.44,,,
12/4/19,30027.45,,,
12/5/19,32616.08,,,
12/6/19,28923.59,,,
12/7/19,10079.26,,,
12/8/19,7176.83,,,
12/9/19,28648.96,,,
12/10/19,30803.35,,,
12/11/19,34443.86,,,
12/12/19,33268.38,,,
12/13/19,29685.9,,,
12/14/19,11009.51,,,
12/15/19,7670.17,,,
12/16/19,30294.55,,,
12/17/19,29732.21,,,
12/18/19,31784.57,,,
12/19/19,31256.18,,,
12/20/19,24376.88,,,
12/21/19,10406.75,,,
12/22/19,7411.07,,,
12/23/19,18828.59,,,
12/24/19,9857.02,,,
12/25/19,344.32,,,
12/26/19,2744.87,,,
12/27/19,9838.79,,,
12/28/19,7005.62,,,
12/29/19,5795.4,,,
12/30/19,11712.45,,,
12/31/19,8893.71,,,
1/1/20,1963.82,,,
1/2/20,17660.06,,,
1/3/20,20207.58,,,
1/4/20,8418.03,,,
1/5/20,6102.58,,,
1/6/20,26111.05,,,
1/7/20,28964.16,,,
1/8/20,32440.19,,,
1/9/20,29414.78,,,
1/10/20,28816.83,,,
1/11/20,9121.86,,,
1/12/20,6747.72,,,
1/13/20,29058.36,,,
1/14/20,29698.23,,,
1/15/20,31357.39,,,
1/16/20,30025.57,,,
1/17/20,28491.16,,,
1/18/20,7862.1,,,
1/19/20,6399.85,,,
1/20/20,28706.72,,,
1/21/20,27411.88,,,
1/22/20,28280.71,,,
1/23/20,29408.53,,,
1/24/20,26236.25,,,
1/25/20,8406.04,,,
1/26/20,6480.57,,,
1/27/20,27713.89,,,
1/28/20,28430.9,,,
1/29/20,29087.27,,,
1/30/20,29548.5,,,
1/31/20,26125.42,,,
2/1/20,8777.97,,,
2/2/20,5978.73,,,
2/3/20,27986.12,,,
2/4/20,28332.55,,,
2/5/20,29485.2,,,
2/6/20,29993.83,,,
2/7/20,25545.19,,,
2/8/20,7757.64,,,
2/9/20,5292.34,,,
2/10/20,29122.9,,,
2/11/20,29213.85,,,
2/12/20,32262.93,,,
2/13/20,30653.03,,,
2/14/20,26816.54,,,
2/15/20,7156.39,,,
2/16/20,5829.02,,,
2/17/20,28131.35,,,
2/18/20,29246.21,,,
2/19/20,30356.25,,,
2/20/20,31938.21,,,
2/21/20,27875.19,,,
2/22/20,8005.1,,,
2/23/20,6431.25,,,
2/24/20,28345.95,,,
2/25/20,29813.64,,,
2/26/20,30563.69,,,
2/27/20,32234.82,,,
2/28/20,28228.21,,,
2/29/20,9025.19,,,
3/1/20,6469.26,,,
3/2/20,28776.21,,,
3/3/20,29580.34,,,
3/4/20,30747.82,,,
3/5/20,29301.05,,,
3/6/20,27239.41,,,
3/7/20,8711.54,,,
3/8/20,8041.29,,,
3/9/20,29643.43,,,
3/10/20,32359.23,,,
3/11/20,35252.71,,,
3/12/20,35516.52,,,
3/13/20,29559.67,,,
3/14/20,9748.66,,,
3/15/20,8328.04,,,
3/16/20,30585.86,,,
3/17/20,31360.13,,,
3/18/20,34088.54,,,
3/19/20,33623.83,,,
3/20/20,28598.6,,,
3/21/20,10537.59,,,
3/22/20,6924.8,,,
3/23/20,30885.72,,,
3/24/20,29065.75,,,
3/25/20,26456.31,,,
3/26/20,27077.55,,,
3/27/20,22766.86,,,
3/28/20,7144.99,,,
3/29/20,5595.82,,,
3/30/20,20759.76,,,
3/31/20,20831.1,,,
4/1/20,19821.31,,,
4/2/20,22087.22,,,
4/3/20,18404.05,,,
4/4/20,5956.29,,,
4/5/20,5030.99,,,
4/6/20,18665.23,,,
4/7/20,18891.8,,,
4/8/20,20606.15,,,
4/9/20,18508.95,,,
4/10/20,9244.6,,,
4/11/20,5374.4,,,
4/12/20,2381.39,,,
4/13/20,7485,,,
4/14/20,19951.66,,,
4/15/20,19695.35,,,
4/16/20,21105.59,,,
4/17/20,19068.53,,,
4/18/20,6541.82,,,
4/19/20,4787.84,,,
4/20/20,19603.31,,,
4/21/20,19171.2,,,
4/22/20,22222.75,,,
4/23/20,20683.84,,,
4/24/20,17793.5,,,
4/25/20,6267.37,,,
4/26/20,4321.18,,,
4/27/20,18962.61,,,
4/28/20,18716.28,,,
4/29/20,20896.31,,,
4/30/20,21714.54,,,
5/1/20,18058.48,,,
5/2/20,7002.1,,,
5/3/20,4590.55,,,
5/4/20,19780.74,,,
5/5/20,21534.76,,,
5/6/20,21844.23,,,
5/7/20,21294.03,,,
5/8/20,8768.59,,,
5/9/20,4851.43,,,
5/10/20,5115.66,,,
5/11/20,20991.96,,,
5/12/20,21171.7,,,
5/13/20,23046.15,,,
5/14/20,22639.41,,,
5/15/20,20083.31,,,
5/16/20,6458.26,,,
5/17/20,4986.46,,,
5/18/20,21304.93,,,
5/19/20,22015.63,,,
5/20/20,22681.74,,,
5/21/20,21899.03,,,
5/22/20,20863.5,,,
5/23/20,6744.1,,,
5/24/20,4775.54,,,
5/25/20,9416.51,,,
5/26/20,24143.92,,,
5/27/20,23241.54,,,
5/28/20,24914.17,,,
5/29/20,22050.77,,,
5/30/20,7293.04,,,
5/31/20,5092.92,,,
6/1/20,24020.19,,,
6/2/20,24754.19,,,
6/3/20,25080.24,,,
6/4/20,25555.03,,,
6/5/20,22508.68,,,
6/6/20,6884.08,,,
6/7/20,6270.96,,,
6/8/20,24752.36,,,
6/9/20,23351.48,,,
6/10/20,26446.43,,,
6/11/20,26042.15,,,
6/12/20,24316.38,,,
6/13/20,7203,,,
6/14/20,5182.78,,,
6/15/20,23887.91,,,
6/16/20,23081.23,,,
6/17/20,26414.73,,,
6/18/20,24052.47,,,
6/19/20,23253.76,,,
6/20/20,8150.13,,,
6/21/20,5572.01,,,
6/22/20,24659.86,,,
6/23/20,25442.7,,,
6/24/20,25438.06,,,
6/25/20,26769.33,,,
6/26/20,23037.69,,,
6/27/20,7518.43,,,
6/28/20,6666.29,,,
6/29/20,24725.35,,,
6/30/20,27164.77,,,
7/1/20,27274.84,,,
7/2/20,27176.88,,,
7/3/20,23162.12,,,
7/4/20,7545.27,,,
7/5/20,5885.86,,,
7/6/20,27511.25,,,
7/7/20,26179.36,,,
7/8/20,28686.27,,,
7/9/20,27652.03,,,
7/10/20,24647.51,,,
7/11/20,8831.03,,,
7/12/20,5698.53,,,
7/13/20,25194.43,,,
7/14/20,25950.65,,,
7/15/20,28450.49,,,
7/16/20,29892.52,,,
7/17/20,23596.45,,,
7/18/20,8097.65,,,
7/19/20,5960.03,,,
7/20/20,25789.51,,,
7/21/20,26816.9,,,
7/22/20,28097.6,,,
7/23/20,27874.12,,,
7/24/20,23308.88,,,
7/25/20,8367.3,,,
7/26/20,5366.75,,,
7/27/20,27370.11,,,
7/28/20,27357.92,,,
7/29/20,29369.06,,,
7/30/20,27147.04,,,
7/31/20,26275,,,
8/1/20,8860.15,,,
8/2/20,5991.16,,,
8/3/20,25550.66,,,
8/4/20,26726.82,,,
8/5/20,29468.73,,,
8/6/20,28640.77,,,
8/7/20,23919.21,,,
8/8/20,7540.14,,,
8/9/20,5451.76,,,
8/10/20,26512.78,,,
8/11/20,26282.47,,,
8/12/20,28074.11,,,
8/13/20,28121.31,,,
8/14/20,24664.24,,,
8/15/20,8572.42,,,
8/16/20,5331.89,,,
8/17/20,26773.89,,,
8/18/20,27542.18,,,
8/19/20,28547.06,,,
8/20/20,27646.7,,,
8/21/20,26061.06,,,
8/22/20,8604.81,,,
8/23/20,6123.04,,,
8/24/20,26531.19,,,
8/25/20,26985.01,,,
8/26/20,29026.41,,,
8/27/20,28673.48,,,
8/28/20,23330.05,,,
8/29/20,9460.45,,,
8/30/20,4708.58,,,
8/31/20,10306.04,,,
9/1/20,29740.09,,,
9/2/20,27766.21,,,
9/3/20,31490.89,,,
9/4/20,25529.76,,,
9/5/20,10957.19,,,
9/6/20,6762.09,,,
9/7/20,28201.34,,,
9/8/20,27570.86,,,
9/9/20,29924.82,,,
9/10/20,31008.67,,,
9/11/20,26652.99,,,
9/12/20,9367.25,,,
9/13/20,6509.36,,,
9/14/20,27908.05,,,
9/15/20,27279.86,,,
9/16/20,32196.34,,,
9/17/20,29472.28,,,
9/18/20,27155.32,,,
9/19/20,9806.67,,,
9/20/20,6610.62,,,
9/21/20,28718.14,,,
9/22/20,30903.21,,,
9/23/20,31430.79,,,
9/24/20,29955.67,,,
9/25/20,26990.44,,,
9/26/20,10889.99,,,
9/27/20,7551.69,,,
9/28/20,31358.79,,,
9/29/20,29001.18,,,
9/30/20,31306.43,,,
10/1/20,30530.66,,,
10/2/20,26679.3,,,
10/3/20,10040.69,,,
10/4/20,7561.75,,,
10/5/20,30466.52,,,
10/6/20,31556.45,,,
10/7/20,33931.34,,,
10/8/20,31410.43,,,
10/9/20,27257.97,,,
10/10/20,9938.98,,,
10/11/20,8539.53,,,
10/12/20,29683.26,,,
10/13/20,32441.33,,,
10/14/20,33781.49,,,
10/15/20,31962.53,,,
10/16/20,28280.95,,,
10/17/20,11411.86,,,
10/18/20,7514.82,,,
10/19/20,31978.11,,,
10/20/20,30560.93,,,
10/21/20,31902.07,,,
10/22/20,32389.22,,,
10/23/20,26713.57,,,
10/24/20,10525.14,,,
10/25/20,7558.57,,,
10/26/20,30701.01,,,
10/27/20,29998.68,,,
10/28/20,31860.84,,,
10/29/20,34130.66,,,
10/30/20,29318.98,,,
10/31/20,10220.44,,,
11/1/20,7860.57,,,
11/2/20,31676.91,,,
11/3/20,32011.68,,,
11/4/20,33624.29,,,
11/5/20,35604.09,,,
11/6/20,29198.94,,,
11/7/20,11100.73,,,
11/8/20,9470.59,,,
11/9/20,31336.27,,,
11/10/20,29860.06,,,
11/11/20,34298.59,,,
11/12/20,33988.41,,,
11/13/20,30711.63,,,
11/14/20,11035.32,,,
11/15/20,8956.09,,,
11/16/20,31008.23,,,
11/17/20,34364.61,,,
11/18/20,34889.42,,,
11/19/20,35688.6,,,
11/20/20,31268.47,,,
11/21/20,11230.12,,,
11/22/20,9161.44,,,
11/23/20,30070.17,,,
11/24/20,32101.64,,,
11/25/20,34312,,,
11/26/20,35131.09,,,
11/27/20,28886.4,,,
11/28/20,10882,,,
11/29/20,9620.06,,,
11/30/20,30922.5,,,
12/1/20,33309.31,,,
12/2/20,33778.32,,,
12/3/20,36315.07,,,
12/4/20,30647.43,,,
12/5/20,12985.06,,,
12/6/20,9604.23,,,
12/7/20,33424.19,,,
12/8/20,33065.45,,,
12/9/20,36983.75,,,
12/10/20,33879.25,,,
12/11/20,29672.05,,,
12/12/20,13423.65,,,
12/13/20,9769.32,,,
12/14/20,32368.13,,,
12/15/20,33170.17,,,
12/16/20,37012.75,,,
12/17/20,36314.27,,,
12/18/20,32215.44,,,
12/19/20,13854.47,,,
12/20/20,11891.98,,,
12/21/20,31743.33,,,
12/22/20,30081.4,,,
12/23/20,24577.6,,,
12/24/20,11360.35,,,
12/25/20,581.09,,,
12/26/20,3629.15,,,
12/27/20,6882.96,,,
12/28/20,11484.02,,,
12/29/20,16113.32,,,
12/30/20,16400.27,,,
12/31/20,10993.38,,,
1/1/21,2620.48,,,
1/2/21,5564.99,,,
1/3/21,7531.98,,,
1/4/21,26761.57,,,
1/5/21,27887.54,,,
1/6/21,29171.47,,,
1/7/21,30881.7,,,
1/8/21,27085.96,,,
1/9/21,9232.44,,,
1/10/21,7424.88,,,
1/11/21,31378.65,,,
1/12/21,31820.38,,,
1/13/21,32325.93,,,
1/14/21,31519.01,,,
1/15/21,28046.27,,,
1/16/21,9498.11,,,
1/17/21,6558.67,,,
1/18/21,32535.21,,,
1/19/21,30798.73,,,
1/20/21,33381.98,,,
1/21/21,33962.46,,,
1/22/21,26477.45,,,
1/23/21,9822.63,,,
1/24/21,6831.52,,,
1/25/21,29341.32,,,
1/26/21,29133.49,,,
1/27/21,32371.71,,,
1/28/21,30482.99,,,
1/29/21,28528.48,,,
1/30/21,10047.5,,,
1/31/21,7893.81,,,
2/1/21,30281.86,,,
2/2/21,31264.81,,,
2/3/21,33999.42,,,
2/4/21,34989.73,,,
2/5/21,27175.55,,,
2/6/21,9998.37,,,
2/7/21,7198.68,,,
2/8/21,30657.98,,,
2/9/21,29064.14,,,
2/10/21,30244.74,,,
2/11/21,34311.04,,,
2/12/21,29432.03,,,
2/13/21,10284.66,,,
2/14/21,7629.74,,,
2/15/21,31518.87,,,
2/16/21,31642.52,,,
2/17/21,33268.15,,,
2/18/21,34195.96,,,
2/19/21,30828.79,,,
2/20/21,10108.95,,,
2/21/21,6422.94,,,
2/22/21,31537.76,,,
2/23/21,30367.54,,,
2/24/21,35310.56,,,
2/25/21,35648.43,,,
2/26/21,31308.48,,,
2/27/21,11365.84,,,
2/28/21,8724.3,,,
3/1/21,31857.77,,,
3/2/21,32904.05,,,
3/3/21,33372.27,,,
3/4/21,34032.73,,,
3/5/21,31960.39,,,
3/6/21,10863.89,,,
3/7/21,8008.38,,,
3/8/21,34108.22,,,
3/9/21,34748.8,,,
3/10/21,34820.62,,,
3/11/21,38005.92,,,
3/12/21,33693.22,,,
3/13/21,12676.66,,,
3/14/21,7828.02,,,
3/15/21,34909.47,,,
3/16/21,35103.84,,,
3/17/21,36187.76,,,
3/18/21,36151.45,,,
3/19/21,30697.3,,,
3/20/21,11070.65,,,
3/21/21,7725.42,,,
3/22/21,33430.88,,,
3/23/21,35202.8,,,
3/24/21,35758.25,,,
3/25/21,37344.48,,,
3/26/21,32844.32,,,
3/27/21,12293.43,,,
3/28/21,9397,,,
3/29/21,36924.03,,,
3/30/21,36063.38,,,
3/31/21,37828.57,,,
4/1/21,34389.3,,,
4/2/21,15328.27,,,
4/3/21,7499.63,,,
4/4/21,5179.7,,,
4/5/21,12042.7,,,
4/6/21,35014.02,,,
4/7/21,37168.56,,,
4/8/21,35138.04,,,
4/9/21,33980.91,,,
4/10/21,13550.62,,,
4/11/21,9530.55,,,
4/12/21,33838.39,,,
4/13/21,37527.29,,,
4/14/21,37227.69,,,
4/15/21,38332.91,,,
4/16/21,32666.45,,,
4/17/21,11490.23,,,
4/18/21,8350.49,,,
4/19/21,35649.48,,,
4/20/21,35484.98,,,
4/21/21,37589.24,,,
4/22/21,38212.61,,,
4/23/21,33137.13,,,
4/24/21,12034.53,,,
4/25/21,8963.01,,,
4/26/21,34973.52,,,
4/27/21,35260.82,,,
4/28/21,37427.68,,,
4/29/21,38569.87,,,
4/30/21,34130.49,,,
5/1/21,11932.97,,,
5/2/21,7427.77,,,
5/3/21,14437.08,,,
5/4/21,36803.31,,,
5/5/21,37689.93,,,
5/6/21,39256.86,,,
5/7/21,32792.73,,,
5/8/21,13691.54,,,
5/9/21,9207.65,,,
5/10/21,34798.8,,,
5/11/21,37146.27,,,
5/12/21,40426.47,,,
5/13/21,37213.53,,,
5/14/21,32447.98,,,
5/15/21,10706.23,,,
5/16/21,9123.57,,,
5/17/21,35202.38,,,
5/18/21,33220.23,,,
5/19/21,39102.93,,,
5/20/21,35951.11,,,
5/21/21,31452.41,,,
5/22/21,12184.66,,,
5/23/21,8060.78,,,
5/24/21,36560.33,,,
5/25/21,36768.28,,,
5/26/21,39596.49,,,
5/27/21,37390.63,,,
5/28/21,30427.39,,,
5/29/21,12863.14,,,
5/30/21,8124.92,,,
5/31/21,14041.75,,,
6/1/21,32619.07,,,
6/2/21,35312.71,,,
6/3/21,36382.61,,,
6/4/21,31724.4,,,
6/5/21,13960.11,,,
6/6/21,10474.86,,,
6/7/21,34718.26,,,
6/8/21,38087.81,,,
6/9/21,37711.05,,,
6/10/21,39592.31,,,
6/11/21,32542.88,,,
6/12/21,12321.24,,,
6/13/21,9288.82,,,
6/14/21,35581.29,,,
6/15/21,37966.36,,,
6/16/21,40222.56,,,
6/17/21,39434.27,,,
6/18/21,32249.31,,,
6/19/21,13365.98,,,
6/20/21,9399.23,,,
6/21/21,37110.81,,,
6/22/21,38947.92,,,
6/23/21,39900.03,,,
6/24/21,40062.06,,,
6/25/21,33562.45,,,
6/26/21,11800.19,,,
6/27/21,9136.57,,,
6/28/21,35514.92,,,
6/29/21,34913.53,,,
6/30/21,39381.22,,,
7/1/21,38394.69,,,
7/2/21,33826.08,,,
7/3/21,12468.59,,,
7/4/21,8942.96,,,
7/5/21,35881.97,,,
7/6/21,36922.43,,,
7/7/21,38650.89,,,
7/8/21,39053.89,,,
7/9/21,31313.03,,,
7/10/21,13191.55,,,
7/11/21,9200.94,,,
7/12/21,33402.11,,,
7/13/21,36375.69,,,
7/14/21,37402.17,,,
7/15/21,37924.43,,,
7/16/21,31703.42,,,
7/17/21,13459.63,,,
7/18/21,9541.88,,,
7/19/21,33042.32,,,
7/20/21,36451.25,,,
7/21/21,37267.93,,,
7/22/21,36080.84,,,
7/23/21,31392.42,,,
7/24/21,11481.63,,,
7/25/21,9779.89,,,
7/26/21,35331.05,,,
7/27/21,34962.29,,,
7/28/21,37476.06,,,
7/29/21,39216.92,,,
7/30/21,31779,,,
7/31/21,13824.37,,,
8/1/21,10422.05,,,
8/2/21,36027.21,,,
8/3/21,36375.11,,,
8/4/21,37016.15,,,
8/5/21,37507.9,,,
8/6/21,31391.78,,,
8/7/21,12597.35,,,
8/8/21,9936.23,,,
8/9/21,33458.25,,,
8/10/21,36629.53,,,
8/11/21,39851.32,,,
8/12/21,36036.1,,,
8/13/21,32137.42,,,
8/14/21,14389.76,,,
8/15/21,10548.5,,,
8/16/21,35491.11,,,
8/17/21,38232.62,,,
8/18/21,41408.64,,,
8/19/21,39479.71,,,
8/20/21,33293.74,,,
8/21/21,13295.36,,,
8/22/21,9280.9,,,
8/23/21,35481.21,,,
8/24/21,38550.09,,,
8/25/21,40157.89,,,
8/26/21,38271.95,,,
8/27/21,33013.92,,,
8/28/21,14581.8,,,
8/29/21,8402.88,,,
8/30/21,17376.98,,,
8/31/21,37789.53,,,
9/1/21,40703.14,,,
9/2/21,41085.7,,,
9/3/21,35602.42,,,
9/4/21,16248.76,,,
9/5/21,9888.75,,,
9/6/21,36264.9,,,
9/7/21,38345.67,,,
9/8/21,41478.61,,,
9/9/21,41013.76,,,
9/10/21,35328.85,,,
9/11/21,14403.04,,,
9/12/21,10667.69,,,
9/13/21,37545.12,,,
9/14/21,36879.7,,,
9/15/21,40761.08,,,
9/16/21,40126.99,,,
9/17/21,37291.6,,,
9/18/21,15124.2,,,
9/19/21,10805.1,,,
9/20/21,37953.17,,,
9/21/21,39523.21,,,
9/22/21,40857.07,,,
9/23/21,42481.95,,,
9/24/21,36749.66,,,
9/25/21,15845.96,,,
9/26/21,10902.5,,,
9/27/21,37119.24,,,
9/28/21,36326.95,,,
9/29/21,39837.28,,,
9/30/21,39800.27,,,
10/1/21,35655.83,,,
10/2/21,16595.42,,,
10/3/21,12175.16,,,
10/4/21,38266.97,,,
10/5/21,40682.94,,,
10/6/21,43906.53,,,
10/7/21,41143.71,,,
10/8/21,38023.52,,,
10/9/21,14718.24,,,
10/10/21,11633.96,,,
10/11/21,39869.47,,,
10/12/21,39898.33,,,
10/13/21,41496.22,,,
10/14/21,41706.57,,,
10/15/21,36194.6,,,
10/16/21,15539.57,,,
10/17/21,11553.78,,,
10/18/21,39732.27,,,
10/19/21,38862.72,,,
10/20/21,43068.27,,,
10/21/21,43019.3,,,
10/22/21,36957.26,,,
10/23/21,15837.6,,,
10/24/21,9790.35,,,
10/25/21,37403.03,,,
10/26/21,39898.83,,,
10/27/21,44926.79,,,
10/28/21,43418.71,,,
10/29/21,36235.69,,,
10/30/21,15952.12,,,
10/31/21,10233.19,,,
11/1/21,40207.63,,,
11/2/21,41413.6,,,
11/3/21,43224.37,,,
11/4/21,41154.72,,,
11/5/21,40894.92,,,
11/6/21,15180.74,,,
11/7/21,12524.61,,,
11/8/21,40819.57,,,
11/9/21,42951.83,,,
11/10/21,42284.57,,,
11/11/21,44637.91,,,
11/12/21,40207.14,,,
11/13/21,15527.39,,,
11/14/21,11731.79,,,
11/15/21,40868.4,,,
11/16/21,45169.03,,,
11/17/21,44719.09,,,
11/18/21,45812.04,,,
11/19/21,40719.6,,,
11/20/21,16937.85,,,
11/21/21,12475.75,,,
11/22/21,40347.78,,,
11/23/21,44077.09,,,
11/24/21,45700.08,,,
11/25/21,45031.71,,,
11/26/21,41357.75,,,
11/27/21,18784.18,,,
11/28/21,14759.07,,,
11/29/21,47147.6,,,
11/30/21,47486.01,,,
12/1/21,49757.25,,,
12/2/21,49418.63,,,
12/3/21,43503.01,,,
12/4/21,19333.25,,,
12/5/21,13965.15,,,
12/6/21,45921.79,,,
12/7/21,45184.29,,,
12/8/21,49442.22,,,
12/9/21,51070.43,,,
12/10/21,43327.64,,,
12/11/21,18765.36,,,
12/12/21,13725.92,,,
12/13/21,44122.85,,,
12/14/21,43915.23,,,
12/15/21,46124.71,,,
12/16/21,47147.96,,,
12/17/21,39814.26,,,
12/18/21,17776.36,,,
12/19/21,14554.78,,,
12/20/21,42757.44,,,
12/21/21,41541.54,,,
12/22/21,39172.68,,,
12/23/21,33193.1,,,
12/24/21,13601.88,,,
12/25/21,510.17,,,
12/26/21,4014,,,
12/27/21,12255.3,,,
12/28/21,14317.62,,,
12/29/21,21902.78,,,
12/30/21,21009.61,,,
12/31/21,14147.48,,,
1/1/22,2813.53,,,
1/2/22,8768.4,,,
1/3/22,15605.68,,,
1/4/22,33255.2,,,
1/5/22,38191.02,,,
1/6/22,38049.27,,,
1/7/22,35662.84,,,
1/8/22,15272.41,,,
1/9/22,11940.42,,,
1/10/22,42156.14,,,
1/11/22,39641.68,,,
1/12/22,43298.59,,,
1/13/22,42898,,,
1/14/22,36617.59,,,
1/15/22,14144.09,,,
1/16/22,11671.16,,,
1/17/22,38212.44,,,
1/18/22,43269.96,,,
1/19/22,44979.79,,,
1/20/22,44220.38,,,
1/21/22,39396.91,,,
1/22/22,13869.34,,,
1/23/22,10698.73,,,
1/24/22,41260.81,,,
1/25/22,41676.36,,,
1/26/22,46366.34,,,
1/27/22,44521.64,,,
1/28/22,39119.98,,,
1/29/22,14895.35,,,
1/30/22,10787.11,,,
1/31/22,41752.23,,,
2/1/22,44914.96,,,
2/2/22,46711.22,,,
2/3/22,45665.49,,,
2/4/22,39425.83,,,
2/5/22,15095.22,,,
2/6/22,11689.57,,,
2/7/22,42250.56,,,
2/8/22,46369.27,,,
2/9/22,48168.92,,,
2/10/22,45219.09,,,
2/11/22,39929.48,,,
2/12/22,14982.29,,,
2/13/22,11729.92,,,
2/14/22,43207.26,,,
2/15/22,43229.59,,,
2/16/22,48113.05,,,
2/17/22,47802.59,,,
2/18/22,33846.7,,,
2/19/22,14994.68,,,
2/20/22,11579.11,,,
2/21/22,42200.14,,,
2/22/22,45352.33,,,
2/23/22,46036.26,,,
2/24/22,48465.44,,,
2/25/22,42248.92,,,
2/26/22,15378.02,,,
2/27/22,13286.32,,,
2/28/22,42009.46,,,
3/1/22,42697.3,,,
3/2/22,47395.61,,,
3/3/22,48639.34,,,
3/4/22,42606.05,,,
3/5/22,17506.94,,,
3/6/22,12317.35,,,
3/7/22,41702.12,,,
3/8/22,48962.04,,,
3/9/22,49657.18,,,
3/10/22,48372.76,,,
3/11/22,46499.58,,,
3/12/22,16577.63,,,
3/13/22,13957.49,,,
3/14/22,41221.78,,,
3/15/22,42781.88,,,
3/16/22,46756.71,,,
3/17/22,47160.23,,,
3/18/22,40352.13,,,
3/19/22,15592.66,,,
3/20/22,12207.87,,,
3/21/22,45134.61,,,
3/22/22,45265.55,,,
3/23/22,47264.42,,,
3/24/22,47454.07,,,
3/25/22,41686.01,,,
3/26/22,17738.42,,,
3/27/22,12830.25,,,
3/28/22,44716.35,,,
3/29/22,48050.57,,,
3/30/22,47608.86,,,
3/31/22,49302.87,,,
4/1/22,41277.13,,,
4/2/22,15490.06,,,
4/3/22,11910.22,,,
4/4/22,43696.68,,,
4/5/22,45767.43,,,
4/6/22,48129.7802,,,
4/7/22,46352.25,,,
4/8/22,41914.04,,,
4/9/22,15511.84,,,
4/10/22,11282.3,,,
4/11/22,46061.6022,,,
4/12/22,45985.3452,,,
4/13/22,44895.3009,,,
4/14/22,40451.69,,,
4/15/22,19601.55,,,
4/16/22,8945.07,,,
4/17/22,6163.07,,,
4/18/22,16095.48,,,
4/19/22,43579.24,,,
4/20/22,45108.9,,,
4/21/22,45591.5543,,,
4/22/22,42756.33,,,
4/23/22,15584.15,,,
4/24/22,12180.89,,,
4/25/22,40918.17,,,
4/26/22,44209.29,,,
4/27/22,49717.29,,,
4/28/22,48229.61,,,
4/29/22,40605.42,,,
4/30/22,14836.66,,,
5/1/22,8783.15,,,
5/2/22,16092.18,,,
5/3/22,43290.46,,,
5/4/22,45837,,,
5/5/22,48481.11,,,
5/6/22,41434.08,,,
5/7/22,14679.61,,,
5/8/22,11935.08,,,
5/9/22,40838.78,,,
5/10/22,44768.92,,,
5/11/22,47207.81,,,
5/12/22,46830.02,,,
5/13/22,40224.48,,,
5/14/22,14548.11,,,
5/15/22,11437.09,,,
5/16/22,43214.32,,,
5/17/22,44340.41,,,
5/18/22,43478.07,,,
5/19/22,46126.95,,,
5/20/22,38598.17,,,
5/21/22,14598.5,,,
5/22/22,11336.58,,,
5/23/22,45262.73,,,
5/24/22,42528.76,,,
5/25/22,46434.52,,,
5/26/22,47437.39,,,
5/27/22,39986.41,,,
5/28/22,15464.04,,,
5/29/22,12903.69,,,
5/30/22,43178.42,,,
5/31/22,43975.63,,,
6/1/22,42159.61,,,
6/2/22,23029,,,
6/3/22,13832.62,,,
6/4/22,10965.45,,,
6/5/22,11685.86,,,
6/6/22,41785.74,,,
6/7/22,42828.8,,,
6/8/22,44589.6,,,
6/9/22,46137.68,,,
6/10/22,40189.5,,,
6/11/22,16163.18,,,
6/12/22,12686.43,,,
6/13/22,41786.02,,,
6/14/22,44004.54,,,
6/15/22,46281.97,,,
6/16/22,43202.97,,,
6/17/22,39564.15,,,
6/18/22,15190.41,,,
6/19/22,12114.18,,,
6/20/22,45048.52,,,
6/21/22,44061.27,,,
6/22/22,46823.86,,,
6/23/22,45906.34,,,
6/24/22,37674.95,,,
6/25/22,12901.51,,,
6/26/22,10723.42,,,
6/27/22,46476.56,,,
6/28/22,45447.19,,,
6/29/22,46905.97,,,
6/30/22,45163.47,,,
7/1/22,41104.22,,,
7/2/22,14057,,,
7/3/22,11991.22,,,
7/4/22,43306.44,,,
7/5/22,43837.07,,,
7/6/22,45568.91,,,
7/7/22,43863.55,,,
7/8/22,39872.37,,,
7/9/22,13470.22,,,
7/10/22,11218.32,,,
7/11/22,40968.69,,,
7/12/22,43496.05,,,
7/13/22,45352.97,,,
7/14/22,45324.06,,,
7/15/22,37768.13,,,
7/16/22,13981.69,,,
7/17/22,11501.18,,,
7/18/22,44193.27,,,
7/19/22,46019.11,,,
7/20/22,45007.83,,,
7/21/22,47367.02,,,
7/22/22,40413.98,,,
7/23/22,15444.03,,,
7/24/22,10909.85,,,
7/25/22,42888.31,,,
7/26/22,44507.38,,,
7/27/22,44869.78,,,
7/28/22,45673.87,,,
7/29/22,37080.84,,,
7/30/22,13730.22,,,
7/31/22,11276.19,,,
8/1/22,42414.52,,,
8/2/22,40697.01,,,
8/3/22,44008.85,,,
8/4/22,42072.24,,,
8/5/22,37945.2,,,
8/6/22,13416.15,,,
8/7/22,11174.02,,,
8/8/22,44194.49,,,
8/9/22,42556.92,,,
8/10/22,43732.46,,,
8/11/22,44089.29,,,
8/12/22,38039.83,,,
8/13/22,14044.86,,,
8/14/22,12107.36,,,
8/15/22,44139.58,,,
8/16/22,41276.34,,,
8/17/22,46261.48,,,
8/18/22,43732.88,,,
8/19/22,40003.05,,,
8/20/22,14407.25,,,
8/21/22,10989.1,,,
8/22/22,43415.37,,,
8/23/22,40206.32,,,
8/24/22,43268.54,,,
8/25/22,41064.95,,,
8/26/22,38825.17,,,
8/27/22,15147.69,,,
8/28/22,8678.09,,,
8/29/22,16986.82,,,
8/30/22,42612.09,,,
8/31/22,43622.64,,,
9/1/22,44709.02,,,
9/2/22,38236.27,,,
9/3/22,13413.55,,,
9/4/22,11141.13,,,
9/5/22,41201.55,,,
9/6/22,41122.74,,,
9/7/22,42523.95,,,
9/8/22,44035.01,,,
9/9/22,37213.35,,,
9/10/22,14455.07,,,
9/11/22,11131.11,,,
9/12/22,42066.03,,,
9/13/22,43343.61,,,
9/14/22,44083.91,,,
9/15/22,47892.68,,,
9/16/22,40352.92,,,
9/17/22,17524.63,,,
9/18/22,8671.48,,,
9/19/22,12385.28,,,
9/20/22,46005.49,,,
9/21/22,45205.77,,,
9/22/22,47028.09,,,
9/23/22,40835.16,,,
9/24/22,14915.32,,,
9/25/22,11483.97,,,
9/26/22,43748.3,,,
9/27/22,45321.51,,,
9/28/22,47779.64,,,
9/29/22,47641.82,,,
9/30/22,41255.16,,,
10/1/22,14892,,,
10/2/22,12951.48,,,
10/3/22,42757.99,,,
10/4/22,44982.89,,,
10/5/22,49182.86,,,
10/6/22,48251.48,,,
10/7/22,42710.48,,,
10/8/22,16081.8,,,
10/9/22,11752.29,,,
10/10/22,44407.86,,,
10/11/22,43971.07,,,
10/12/22,49048.31,,,
10/13/22,48505.85,,,
10/14/22,41786.6,,,
10/15/22,15171.69,,,
10/16/22,12023.23,,,
10/17/22,44012.05,,,
10/18/22,43495.89,,,
10/19/22,48813.3,,,
10/20/22,43070.77,,,
10/21/22,39581.85,,,
10/22/22,13203.68,,,
10/23/22,11730.85,,,
10/24/22,41603.45,,,
10/25/22,42485.95,,,
10/26/22,44872.96,,,
10/27/22,43950.95,,,
10/28/22,37762.4,,,
10/29/22,14294.01,,,
10/30/22,10746.62,,,
10/31/22,44219.92,,,
11/1/22,44629.02,,,
11/2/22,48267.27,,,
11/3/22,45886.55,,,
11/4/22,40199.52,,,
11/5/22,14007.77,,,
11/6/22,10915.49,,,
11/7/22,44255.65,,,
11/8/22,44144.4,,,
11/9/22,48471.75,,,
11/10/22,46376.67,,,
11/11/22,38338.07,,,
11/12/22,13976.14,,,
11/13/22,11410.89,,,
11/14/22,43615.71,,,
11/15/22,41794.54,,,
11/16/22,45041.92,,,
11/17/22,44227.39,,,
11/18/22,41600.8,,,
11/19/22,14302.19,,,
11/20/22,11734.39,,,
11/21/22,45357.4,,,
11/22/22,46278.47,,,
11/23/22,47868.51,,,
11/24/22,48703.17,,,
11/25/22,41703.99,,,
11/26/22,17209.33,,,
11/27/22,12972.8,,,
11/28/22,46639.27,,,
11/29/22,44512.14,,,
11/30/22,45928.27,,,
12/1/22,46812.88,,,
12/2/22,40165.26,,,
12/3/22,16112.22,,,
12/4/22,14046.13,,,
12/5/22,46877.54,,,
12/6/22,43622.18,,,
12/7/22,46818.58,,,
12/8/22,56748.01,,,
12/9/22,40292.64,,,
12/10/22,15484.58,,,
12/11/22,15057.96,,,
12/12/22,42657.23,,,
12/13/22,41611.67,,,
12/14/22,47255.88,,,
12/15/22,47227.43,,,
12/16/22,40132.17,,,
12/17/22,16471.96,,,
12/18/22,14477.34,,,
12/19/22,42693.44,,,
12/20/22,43981.05,,,
12/21/22,44597.48,,,
12/22/22,38561.91,,,
12/23/22,26357.67,,,
12/24/22,8063.64,,,
12/25/22,819.4,,,
12/26/22,4778.18,,,
12/27/22,11481.14,,,
12/28/22,21412.01,,,
12/29/22,22973.79,,,
12/30/22,19031.8,,,
12/31/22,8796.16,,,
1/1/23,3237.25,,,
1/2/23,10179.33,,,
1/3/23,34065.69,,,
1/4/23,37911.41,,,
1/5/23,38166.35,,,
1/6/23,34708.98,,,
1/7/23,12603.1,,,
1/8/23,11090.82,,,
1/9/23,41788.04,,,
1/10/23,44566.3,,,
1/11/23,44684.17,,,
1/12/23,44379.04,,,
1/13/23,41584.67,,,
1/14/23,13631.95,,,
1/15/23,11594.16,,,
1/16/23,45145.06,,,
1/17/23,40081.65,,,
1/18/23,46681.05,,,
1/19/23,46220.55,,,
1/20/23,39844,,,
1/21/23,14169.87,,,
1/22/23,10534.67,,,
1/23/23,40008.39,,,
1/24/23,42747.67,,,
1/25/23,45421.95,,,
1/26/23,44451.92,,,
1/27/23,41896.05,,,
1/28/23,14673.93,,,
1/29/23,11494.51,,,
1/30/23,41844.82,,,
1/31/23,43667.6,,,
2/1/23,46200.54,,,
2/2/23,44328.93,,,
2/3/23,37625.85,,,
2/4/23,13169.69,,,
2/5/23,9463.46,,,
2/6/23,43851.41,,,
2/7/23,42869.35,,,
2/8/23,42368.92,,,
2/9/23,42387.83,,,
2/10/23,37686.36,,,
2/11/23,13352.86,,,
2/12/23,10083.91,,,
2/13/23,42969.76,,,
2/14/23,39917.44,,,
2/15/23,45922.9,,,
2/16/23,44093.67,,,
2/17/23,40222.58,,,
2/18/23,13619.37,,,
2/19/23,10755.67,,,
2/20/23,43303.9,,,
2/21/23,40979.4,,,
2/22/23,44201.04,,,
2/23/23,43849.22,,,
2/24/23,37372.21,,,
2/25/23,12783.16,,,
2/26/23,11835.96,,,
2/27/23,43105.77,,,
2/28/23,44209.86,,,
3/1/23,48406.53,,,
3/2/23,48160.12,,,
3/3/23,40367.1,,,
3/4/23,14034.88,,,
3/5/23,9691.69,,,
3/6/23,43096.83,,,
3/7/23,44858.92,,,
3/8/23,43661.61,,,
3/9/23,44231.42,,,
3/10/23,38605.17,,,
3/11/23,14047.42,,,
3/12/23,10311.06,,,
3/13/23,41497.81,,,
3/14/23,43738.86,,,
3/15/23,46749.79,,,
3/16/23,44469.39,,,
3/17/23,37432.82,,,
3/18/23,12537.3,,,
3/19/23,9289.38,,,
3/20/23,43867.78,,,
3/21/23,41661.61,,,
3/22/23,45755.36,,,
3/23/23,46467.25,,,
3/24/23,38347.8,,,
3/25/23,13966.83,,,
3/26/23,10027.74,,,
3/27/23,42269.6,,,
3/28/23,42898.98,,,
3/29/23,47431.98,,,
3/30/23,42281.35,,,
3/31/23,37586.23,,,
4/1/23,14266.57,,,
4/2/23,11249,,,
4/3/23,42907.31,,,
4/4/23,44583.08,,,
4/5/23,44001.22,,,
4/6/23,42800.04,,,
4/7/23,17552.35,,,
4/8/23,9372.14,,,
4/9/23,7507.78,,,
4/10/23,14507.66,,,
4/11/23,42588.54,,,
4/12/23,46218.95,,,
4/13/23,47104.46,,,
4/14/23,39091.61,,,
4/15/23,14633.98,,,
4/16/23,10175.5,,,
4/17/23,43708.51,,,
4/18/23,42867.31,,,
4/19/23,48057.57,,,
4/20/23,48036.37,,,
4/21/23,41322.44,,,
4/22/23,13686.98,,,
4/23/23,10126,,,
4/24/23,42279.3,,,
4/25/23,42119.08,,,
4/26/23,49053.85,,,
4/27/23,44484.11,,,
4/28/23,38116.06,,,
4/29/23,12528.62,,,
4/30/23,8525.32,,,
5/1/23,15273.59,,,
5/2/23,42935.37,,,
5/3/23,42566.3,,,
5/4/23,46346.64,,,
5/5/23,38652.91,,,
5/6/23,12830.79,,,
5/7/23,8115.82,,,
5/8/23,15145.44,,,
5/9/23,42509.47,,,
5/10/23,42905.02,,,
5/11/23,44777.84,,,
5/12/23,37698.19,,,
5/13/23,13858.92,,,
5/14/23,10208.24,,,
5/15/23,43513.48,,,
5/16/23,42717.14,,,
5/17/23,46072.07,,,
5/18/23,44635.46,,,
5/19/23,38878.14,,,
5/20/23,13012.25,,,
5/21/23,9613.66,,,
5/22/23,40001.64,,,
5/23/23,43814.28,,,
5/24/23,45189.46,,,
5/25/23,44379.48,,,
5/26/23,37232.59,,,
5/27/23,12080.83,,,
5/28/23,8411.5,,,
5/29/23,15581.07,,,
5/30/23,44478.71,,,
5/31/23,44887.73,,,
6/1/23,44116.2,,,
6/2/23,40915.17,,,
6/3/23,14098.31,,,
6/4/23,11287.9,,,
6/5/23,45716.78,,,
6/6/23,44362.86,,,
6/7/23,46437.46,,,
6/8/23,45844.14,,,
6/9/23,39729.76,,,
6/10/23,12215.63,,,
6/11/23,10302.07,,,
6/12/23,44688.14,,,
6/13/23,42816.39,,,
6/14/23,47601.38,,,
6/15/23,44188.77,,,
6/16/23,38087.58,,,
6/17/23,13155.92,,,
6/18/23,10758,,,
6/19/23,42301.1,,,
6/20/23,41914.93,,,
6/21/23,46340.8,,,
6/22/23,42415.19,,,
6/23/23,36471.56,,,
6/24/23,12546.34,,,
6/25/23,10818.04,,,
6/26/23,41131.54,,,
6/27/23,40682.05,,,
6/28/23,42594.06,,,
6/29/23,41825.7,,,
6/30/23,35300.18,,,
7/1/23,11577.11,,,
7/2/23,10078.26,,,
7/3/23,44155.79,,,
7/4/23,44779.4,,,
7/5/23,45782.51,,,
7/6/23,45181.15,,,
7/7/23,38305.39,,,
7/8/23,12079.8,,,
7/9/23,9888.2,,,
7/10/23,41782.75,,,
7/11/23,41290.25,,,
7/12/23,45261.3,,,
7/13/23,42914.77,,,
7/14/23,37392.81,,,
7/15/23,12652.37,,,
7/16/23,10037.01,,,
7/17/23,41467.94,,,
7/18/23,39876.81,,,
7/19/23,42304.91,,,
7/20/23,40153.2,,,
7/21/23,34552.35,,,
7/22/23,13178.53,,,
7/23/23,10013.02,,,
7/24/23,39551.83,,,
7/25/23,38443.98,,,
7/26/23,39654.87,,,
7/27/23,41280.84,,,
7/28/23,32707.58,,,
7/29/23,11707.65,,,
7/30/23,10526.57,,,
7/31/23,37159.88,,,
8/1/23,37516.27,,,
8/2/23,39612.17,,,
8/3/23,39457.22,,,
8/4/23,31976.34,,,
8/5/23,11645.6,,,
8/6/23,9916.53,,,
8/7/23,36942.02,,,
8/8/23,38838.65,,,
8/9/23,39449.37,,,
8/10/23,43009.39,,,
8/11/23,32816.26,,,
8/12/23,11567.53,,,
8/13/23,10018.46,,,
8/14/23,39999.34,,,
8/15/23,40327.08,,,
8/16/23,40436.62,,,
8/17/23,42111.25,,,
8/18/23,35213.93,,,
8/19/23,11923.7,,,
8/20/23,10033.65,,,
8/21/23,39812.96,,,
8/22/23,40992.87,,,
8/23/23,42978.17,,,
8/24/23,38815.21,,,
8/25/23,35359.15,,,
8/26/23,11393.4,,,
8/27/23,8385.87,,,
8/28/23,14572.76,,,
8/29/23,41320.1,,,
8/30/23,42139.09,,,
8/31/23,42007,,,
9/1/23,36612.49,,,
9/2/23,12646.2,,,
9/3/23,9125.96,,,
9/4/23,40098.53,,,
9/5/23,39030.46,,,
9/6/23,42505.73,,,
9/7/23,44146.76,,,
9/8/23,34866.61,,,
9/9/23,11823.6,,,
9/10/23,10567.33,,,
9/11/23,39601.59,,,
9/12/23,38063.67,,,
9/13/23,42770.44,,,
9/14/23,44173.22,,,
9/15/23,38169.05,,,
9/16/23,12441.39,,,
9/17/23,8862.72,,,
9/18/23,37887.2,,,
9/19/23,43187.83,,,
9/20/23,43244.99,,,
9/21/23,43489.77,,,
9/22/23,37117.05,,,
9/23/23,12204.66,,,
9/24/23,9511.45,,,
9/25/23,40568.16,,,
9/26/23,39784.32,,,
9/27/23,44067.23,,,
9/28/23,40825.46,,,
9/29/23,36027.02,,,
9/30/23,11670.14,,,
10/1/23,9474.86,,,
10/2/23,37960.26,,,
10/3/23,40546.88,,,
10/4/23,45353.55,,,
10/5/23,42282.67,,,
10/6/23,37644.73,,,
10/7/23,11336.05,,,
10/8/23,9288.06,,,
10/9/23,40689.26,,,
10/10/23,38212,,,
10/11/23,41187.84,,,
10/12/23,42767.87,,,
10/13/23,35676.88,,,
10/14/23,12159.7,,,
10/15/23,9746.92,,,
10/16/23,42143.7,,,
10/17/23,42884.48,,,
10/18/23,44817.43,,,
10/19/23,44455.26,,,
10/20/23,34723.94,,,
10/21/23,13377.18,,,
10/22/23,10267.3,,,
10/23/23,38924.24,,,
10/24/23,40348.07,,,
10/25/23,41633.57,,,
10/26/23,42360.96,,,
10/27/23,35008.88,,,
10/28/23,12731.15,,,
10/29/23,11065.03,,,
10/30/23,37873,,,
10/31/23,38062.31,,,
11/1/23,40064.25,,,
11/2/23,40260.92,,,
11/3/23,34365.14,,,
11/4/23,12724.29,,,
11/5/23,9229.16,,,
11/6/23,40301.49,,,
11/7/23,42777.6,,,
11/8/23,42280.13,,,
11/9/23,41820.63,,,
11/10/23,37020.27,,,
11/11/23,12828.29,,,
11/12/23,9339.55,,,
11/13/23,41991.8,,,
11/14/23,43288.18,,,
11/15/23,45930.44,,,
11/16/23,44431.41,,,
11/17/23,37959.03,,,
11/18/23,12476.02,,,
11/19/23,10537.06,,,
11/20/23,41451.92,,,
11/21/23,42733.84,,,
11/22/23,46105.77,,,
11/23/23,46960.1,,,
11/24/23,39058.71,,,
11/25/23,14488.22,,,
11/26/23,10805.34,,,
11/27/23,43463.36,,,
11/28/23,43189.85,,,
11/29/23,47683.33,,,
11/30/23,45563.41,,,
12/1/23,39406.96,,,
12/2/23,13509.57,,,
12/3/23,10456.98,,,
12/4/23,44847.14,,,
12/5/23,45302.38,,,
12/6/23,48958.34,,,
12/7/23,45734.01,,,
12/8/23,39553.02,,,
12/9/23,14543.53,,,
12/10/23,11507.6,,,
12/11/23,44293.95,,,
12/12/23,41787.03,,,
12/13/23,45497.6,,,
12/14/23,47260.2,,,
12/15/23,40175.85,,,
12/16/23,14294.27,,,
12/17/23,12334.45,,,
12/18/23,42400.54,,,
12/19/23,43737.19,,,
12/20/23,46926.36,,,
12/21/23,41275.17,,,
12/22/23,31839.28,,,
12/23/23,10144.45,,,
12/24/23,5004.88,,,
12/25/23,916.02,,,
12/26/23,5685.6,,,
12/27/23,18631.77,,,
12/28/23,21707.08,,,
12/29/23,19186.9,,,
12/30/23,9225.45,,,
12/31/23,5332.12,,,
1/1/24,4138.47,,,
1/2/24,27965.5,,,
1/3/24,34919.54,,,
1/4/24,36318.2,,,
1/5/24,33366.34,,,
1/6/24,11276.04,,,
1/7/24,9852.89,,,
1/8/24,36837.74,,,
1/9/24,42177.82,,,
1/10/24,43275.11,,,
1/11/24,42124.15,,,
1/12/24,36133.21,,,
1/13/24,11266.56,,,
1/14/24,9257.66,,,
1/15/24,37226.63,,,
1/16/24,37939.09,,,
1/17/24,42405.14,,,
1/18/24,39059.69,,,
1/19/24,34457.71,,,
1/20/24,10915.21,,,
1/21/24,9549.53,,,
1/22/24,42067.49,,,
1/23/24,42348.51,,,
1/24/24,45149.33,,,
1/25/24,44372.04,,,
1/26/24,36374.1,,,
1/27/24,10706.52,,,
1/28/24,9937.58,,,
1/29/24,36679.67,,,
1/30/24,38472.82,,,
1/31/24,45305.9,,,
2/1/24,44723.62,,,
2/2/24,36964.01,,,
2/3/24,11085.13,,,
2/4/24,10054.92,,,
2/5/24,41063.43,,,
2/6/24,39951.97,,,
2/7/24,45217.3,,,
2/8/24,44315.87,,,
2/9/24,37114.69,,,
2/10/24,11634.22,,,
2/11/24,9848.02,,,
2/12/24,39033.21,,,
2/13/24,41329.14,,,
2/14/24,44426.43,,,
2/15/24,42743.85,,,
2/16/24,36393.87,,,
2/17/24,12613.44,,,
2/18/24,10127.05,,,
2/19/24,37888.41,,,
2/20/24,41611.6,,,
2/21/24,43342.32,,,
2/22/24,43831.63,,,
2/23/24,38111.92,,,
2/24/24,11975.95,,,
2/25/24,9262.18,,,
2/26/24,40771.45,,,
2/27/24,48814.48,,,
2/28/24,43154.82,,,
2/29/24,40400.64,,,
3/1/24,35392.69,,,
3/2/24,12801.8,,,
3/3/24,9404.6,,,
3/4/24,41117.01,,,
3/5/24,42834.41,,,
3/6/24,45473.29,,,
3/7/24,45628.11,,,
3/8/24,38834.36,,,
3/9/24,12495.7,,,
3/10/24,9833.69,,,
3/11/24,41789.18,,,
3/12/24,39328.17,,,
3/13/24,47058.11,,,
3/14/24,43985.16,,,
3/15/24,37540.99,,,
3/16/24,12201.22,,,
3/17/24,9148.59,,,
3/18/24,39401.88,,,
3/19/24,44472.47,,,
3/20/24,44232.66,,,
3/21/24,43181.25,,,
3/22/24,39388.64,,,
3/23/24,12189.87,,,
3/24/24,10785.39,,,
3/25/24,38762.1,,,
3/26/24,41806.22,,,
3/27/24,46257.58,,,
3/28/24,41511.16,,,
3/29/24,18804.88,,,
3/30/24,9466.06,,,
3/31/24,6510.67,,,
4/1/24,13946.34,,,
4/2/24,39786.1,,,
4/3/24,44501.26,,,
4/4/24,44313.85,,,
4/5/24,40489.32,,,
4/6/24,13837.72,,,
4/7/24,9235.92,,,
4/8/24,40767.31,,,
4/9/24,42859.96,,,
4/10/24,46014.83,,,
4/11/24,44146.38,,,
4/12/24,36371.89,,,
4/13/24,12822.45,,,
4/14/24,10130.96,,,
4/15/24,42190.4,,,
4/16/24,43445.44,,,
4/17/24,46635.78,,,
4/18/24,46544.56,,,
4/19/24,40134.24,,,
4/20/24,12311.33,,,
4/21/24,10817.33,,,
4/22/24,41797.15,,,
4/23/24,45343.25,,,
4/24/24,46583.68,,,
4/25/24,45386.08,,,
4/26/24,39040.18,,,
4/27/24,12121.02,,,
4/28/24,11355.8,,,
4/29/24,44131.61,,,
4/30/24,43683.03,,,
5/1/24,45631.75,,,
5/2/24,43499.52,,,
5/3/24,38487.79,,,
5/4/24,11967.86,,,
5/5/24,8086.47,,,
5/6/24,15566.36,,,
5/7/24,43319.02,,,
5/8/24,42960.54,,,
5/9/24,46321.95,,,
5/10/24,38993.62,,,
5/11/24,13156.43,,,
5/12/24,9924.34,,,
5/13/24,42648.26,,,
5/14/24,43428.61,,,
5/15/24,48009.07,,,
5/16/24,45255.91,,,
5/17/24,37638.64,,,
5/18/24,11568.36,,,
5/19/24,9245.73,,,
5/20/24,42479.85,,,
5/21/24,42936.22,,,
5/22/24,47436.07,,,
5/23/24,45570.71,,,
5/24/24,38655.89,,,
5/25/24,13796.45,,,
5/26/24,8491.86,,,
5/27/24,17903.8,,,
5/28/24,42301.24,,,
5/29/24,43819.18,,,
5/30/24,45446.43,,,
5/31/24,38060.12,,,
6/1/24,13935.22,,,
6/2/24,10487.94,,,
6/3/24,41997.68,,,
6/4/24,43518.46,,,
6/5/24,45125.05,,,
6/6/24,44898.65,,,
6/7/24,36851.39,,,
6/8/24,14845.02,,,
6/9/24,10242.62,,,
6/10/24,42569.83,,,
6/11/24,43070.3,,,
6/12/24,46289.74,,,
6/13/24,45207.38,,,
6/14/24,37010.75,,,
6/15/24,13461.06,,,
6/16/24,10675.61,,,
6/17/24,42261.93,,,
6/18/24,40652.47,,,
6/19/24,42596.22,,,
6/20/24,42599.16,,,
6/21/24,35995.31,,,
6/22/24,11547.4,,,
6/23/24,10280.31,,,
6/24/24,38598.66,,,
6/25/24,39484.13,,,
6/26/24,40817.04,,,
6/27/24,42177.75,,,
6/28/24,37118.33,,,
6/29/24,13607.71,,,
6/30/24,9915.96,,,
7/1/24,39849.49,,,
7/2/24,41806.6,,,
7/3/24,43024.43,,,
7/4/24,43402.62,,,
7/5/24,38096.7,,,
7/6/24,12081.95,,,
7/7/24,10754.16,,,
7/8/24,43835.97,,,
7/9/24,40746.6,,,
7/10/24,43513.31,,,
7/11/24,42087.88,,,
7/12/24,35793.55,,,
7/13/24,13209.16,,,
7/14/24,10207.27,,,
7/15/24,38524.46,,,
7/16/24,40633.51,,,
7/17/24,43741.1,,,
7/18/24,41075.35,,,
7/19/24,32575.89,,,
7/20/24,12081.34,,,
7/21/24,11063.98,,,
7/22/24,40246.28,,,
7/23/24,40118.34,,,
7/24/24,42424.35,,,
7/25/24,41879.82,,,
7/26/24,33989.09,,,
7/27/24,12062.28,,,
7/28/24,10732.35,,,
7/29/24,37210.53,,,
7/30/24,40284.29,,,
7/31/24,40233.26,,,
8/1/24,40769.87,,,
8/2/24,35510.5,,,
8/3/24,11812.51,,,
8/4/24,9604.02,,,
8/5/24,37131.04,,,
8/6/24,42150.94,,,
8/7/24,42823.8,,,
8/8/24,40158.15,,,
8/9/24,34553.54,,,
8/10/24,11452.26,,,
8/11/24,11152.42,,,
8/12/24,37604.54,,,
8/13/24,41731.29,,,
8/14/24,42023.04,,,
8/15/24,42592.78,,,
8/16/24,35570.81,,,
8/17/24,13084.73,,,
8/18/24,10321.41,,,
8/19/24,38240.07,,,
8/20/24,42769.39,,,
8/21/24,42768.54,,,
8/22/24,45329.04,,,
8/23/24,35515.92,,,
8/24/24,13315.77,,,
8/25/24,9268.96,,,
8/26/24,16997.56,,,
8/27/24,40675.25,,,
8/28/24,39351.87,,,
8/29/24,40011.38,,,
8/30/24,35104.54,,,
8/31/24,13317.33,,,
9/1/24,10012.61,,,
9/2/24,37719.32,,,
9/3/24,41034.32,,,
9/4/24,43697.17,,,
9/5/24,40709.76,,,
9/6/24,35711.25,,,
9/7/24,12453.61,,,
9/8/24,11107.98,,,
9/9/24,39676.55,,,
9/10/24,41176.08,,,
9/11/24,45330.67,,,
9/12/24,43993.5,,,
9/13/24,37859.79,,,
9/14/24,12763.36,,,
9/15/24,11373.29,,,
9/16/24,41395.32,,,
9/17/24,42785.66,,,
9/18/24,44398.13,,,
9/19/24,44149.18,,,
9/20/24,37010.48,,,
9/21/24,12677.08,,,
9/22/24,10157.01,,,
9/23/24,38648.1,,,
9/24/24,42451.69,,,
9/25/24,42540.17,,,
9/26/24,42823.75,,,
9/27/24,37500.38,,,
9/28/24,14092.16,,,
9/29/24,11446.49,,,
9/30/24,39645.28,,,
10/1/24,42797.41,,,
10/2/24,45058.47,,,
10/3/24,45358.95,,,
10/4/24,38904.81,,,
10/5/24,12923.63,,,
10/6/24,10473.71,,,
10/7/24,42019.35,,,
10/8/24,43067.53,,,
10/9/24,44210.06,,,
10/10/24,47112.92,,,
10/11/24,41703.35,,,
10/12/24,14670.9,,,
10/13/24,11011.9,,,
10/14/24,42191.27,,,
10/15/24,42143.64,,,
10/16/24,42957.84,,,
10/17/24,41733.33,,,
10/18/24,38123.86,,,
10/19/24,12700.18,,,
10/20/24,10284.51,,,
10/21/24,40546.24,,,
10/22/24,40781.67,,,
10/23/24,43505.18,,,
10/24/24,40986.15,,,
10/25/24,36588.95,,,
10/26/24,14256.48,,,
10/27/24,10079.23,,,
10/28/24,39879.06,,,
10/29/24,38963.15,,,
10/30/24,41891.03,,,
10/31/24,40488.06,,,
11/1/24,37147.21,,,
11/2/24,12639.95,,,
11/3/24,11788.19,,,